sample_no,temperature,average temperature,humidity,average humidity,breath state
0,27.33,0,59.77974371822732,0,-1
1,27.33,0,59.38361323736601,0,-1
2,27.33,0,58.99299025809694,0,-1
3,27.34,0,58.60861018297092,0,-1
4,27.34,0,58.23508072801333,0,-1
5,27.33,0,57.86110718417141,0,-1
6,27.34,0,57.49882029735431,0,-1
7,27.34,0,57.13082724111539,0,-1
8,27.33,0,56.77950091102124,0,-1
9,27.33,0,56.4283291892316,0,-1
10,27.33,0,56.088450869288955,0,-1
11,27.33,0,55.75411609030083,0,-1
12,27.33,0,55.40833421516882,0,-1
13,27.33,0,55.08528117102328,0,-1
14,27.31,0,54.77319909662252,0,-1
15,27.3,0,54.46693418665707,0,-1
16,27.31,0,54.15529960106008,0,-1
17,27.3,0,53.87167149566432,0,-1
18,27.29,0,53.57109297464735,0,-1
19,27.28,0,53.292880443377264,0,-1
20,27.28,0,53.00935093098744,0,-1
21,27.27,0,52.736998685021305,0,-1
22,27.27,0,52.47051200311652,0,-1
23,27.26,0,52.2094711949711,0,-1
24,27.25,0,51.965303562464925,0,-1
25,27.24,0,51.69863802635454,0,-1
26,27.24,0,51.46037868760235,0,-1
27,27.24,0,51.21069924210621,0,-1
28,27.23,0,50.98931153473464,0,-1
29,27.23,0,50.756686829934836,0,-1
30,27.22,0,50.529604617928264,0,-1
31,27.22,0,50.308302465239485,0,-1
32,27.21,0,50.0924979537279,0,-1
33,27.2,0,49.87673988396238,0,-1
34,27.18,0,49.66076491688159,0,-1
35,27.18,0,49.46785239267497,0,-1
36,27.18,0,49.28055177285457,0,-1
37,27.18,0,49.10464268602519,0,-1
38,27.17,0,48.90583087157751,0,-1
39,27.16,0,48.735436040546944,0,-1
40,27.16,0,48.542384854053466,0,-1
41,27.16,0,48.39482420341403,0,-1
42,27.15,0,48.29252515787577,0,-1
43,27.14,0,48.26973447719982,0,-1
44,27.14,0,48.30378780921425,0,-1
45,27.15,0,48.38333366348028,0,-1
46,27.14,0,48.479630508012484,0,-1
47,27.14,0,48.61587964620043,0,-1
48,27.14,0,48.791848074003155,0,-1
49,27.14,0,49.05844845083117,0,-1
50,27.14,0,49.36478952312605,0,-1
51,27.14,0,49.728046507013595,0,-1
52,27.15,0,50.14794204995807,0,-1
53,27.16,0,50.58499155502951,0,-1
54,27.16,0,51.06146249445521,0,-1
55,27.16,0,51.54347803792612,0,-1
56,27.18,0,52.065442738503954,0,-1
57,27.18,0,52.59274970359788,0,-1
58,27.2,0,53.14308634104449,0,-1
59,27.21,0,53.6931533746091,0,-1
60,27.22,0,54.265895379232454,0,-1
61,27.23,0,54.84416160890423,0,-1
62,27.24,0,55.416683721421755,0,-1
63,27.25,0,56.0006477638044,0,-1
64,27.27,0,56.57321683226684,0,-1
65,27.28,0,57.14554317814208,0,-1
66,27.3,0,57.73517163746788,0,-1
67,27.32,0,58.3077668140439,0,-1
68,27.33,0,58.86878475162902,0,-1
69,27.35,0,59.43519783731314,0,-1
70,27.37,0,59.97967892336672,0,-1
71,27.39,0,60.54632231240742,0,-1
72,27.41,0,61.09051174425996,0,-1
73,27.44,0,61.60673574415983,0,-1
74,27.46,0,62.15038585063451,0,-1
75,27.49,0,62.655381643345144,0,-1
76,27.51,0,63.176833445362725,0,-1
77,27.53,0,63.66998332454866,0,-1
78,27.55,0,64.15732148844793,0,-1
79,27.58,0,64.6449073516676,0,-1
80,27.61,0,65.12145065908278,0,-1
81,27.63,0,65.56336049337003,0,-1
82,27.66,0,66.0230735113412,0,-1
83,27.68,0,66.46509661710387,0,-1
84,27.71,0,66.89638615162197,0,-1
85,27.74,0,67.31043130464307,0,-1
86,27.76,0,67.72462587615414,0,-1
87,27.78,0,68.11574832781778,0,-1
88,27.8,0,68.51250993251071,0,-1
89,27.83,0,68.90393226039353,0,-1
90,27.84,0,69.28340156389254,0,-1
91,27.87,0,69.62945560485613,0,-1
92,27.9,0,69.99860370661008,0,-1
93,27.91,0,70.35561864195206,0,-1
94,27.94,0,70.70748811086517,0,-1
95,27.96,0,71.04806421745347,0,-1
96,27.98,0,71.3826601779455,0,-1
97,28.02,0,71.69535592262261,0,-1
98,28.04,0,72.01864576822555,0,-1
99,28.06,0.0,72.31387924889974,0.0,0
100,28.08,27.382400000000025,72.60346953221503,57.1203391600943,0
101,28.09,27.389900000000022,72.89214908364737,57.24857641823418,0
102,28.11,27.39750000000002,73.16480094074748,57.38366177669699,0
103,28.14,27.405300000000015,73.4323693970205,57.52537988352349,0
104,28.16,27.413300000000017,73.68753656523715,57.673617475663995,0
105,28.18,27.42150000000001,73.9491013702141,57.828142034036226,0
106,28.2,27.430000000000003,74.18206726610696,57.98902197589665,0
107,28.22,27.438600000000005,74.4203149690989,58.15585444558418,0
108,28.23,27.447400000000002,74.64706429681132,58.32874932286402,0
109,28.24,27.456400000000002,74.89056608850747,58.50742495672193,0
110,28.26,27.465500000000002,75.10640887364383,58.692047325714675,0
111,28.27,27.474800000000005,75.32750629574382,58.88222690575822,0
112,28.28,27.4842,75.52039560527595,59.07796080781265,0
113,28.29,27.4937,75.74109224409177,59.27908142171373,0
114,28.31,27.5033,75.92288979860989,59.485639532444424,0
115,28.32,27.513299999999994,76.12684753466333,59.69713643946429,0
116,28.34,27.523499999999995,76.30943807349288,59.913735572944354,0
117,28.35,27.533799999999992,76.49668454183453,60.13527695766869,0
118,28.36,27.54429999999999,76.6837116097719,60.36152708813039,0
119,28.38,27.554999999999993,76.84838446610689,60.59265327448163,0
120,28.39,27.565999999999995,77.02412299597674,60.828208314708924,0
121,28.4,27.57709999999999,77.18294749155471,61.06835603535881,0
122,28.41,27.588399999999993,77.3415482862661,61.31281552342415,0
123,28.42,27.599799999999995,77.50622159546425,61.56152588625565,0
124,28.43,27.611399999999993,77.65353464732588,61.814493390260566,0
125,28.44,27.623199999999994,77.80107196763419,62.071375701109176,0
126,28.44,27.635199999999994,77.93147243952606,62.33240004052199,0
127,28.45,27.647199999999994,78.07313988323352,62.59711097804122,0
128,28.46,27.659299999999988,78.21461017235542,62.86573538445249,0
129,28.47,27.67159999999999,78.3456292253659,63.1379883708287,0
130,28.47,27.68399999999999,78.45282085199203,63.41387779478301,0
131,28.47,27.696499999999993,78.57714725577465,63.693109957123646,0
132,28.48,27.708999999999993,78.6565549002821,63.97579840502899,0
133,28.48,27.721699999999995,78.68519075006283,64.26143897449452,0
134,28.49,27.734499999999993,78.66305439442374,64.54952348315554,0
135,28.47,27.74759999999999,78.616636791985,64.83954637793096,0
136,28.47,27.760499999999993,78.57088015828646,65.13103422192407,0
137,28.44,27.77339999999999,78.47871225748976,65.42393750577838,0
138,28.42,27.78599999999999,78.35834528760878,65.71767820149303,0
139,28.39,27.798499999999994,78.20914401028053,66.01220334565335,0
140,28.36,27.81079999999999,77.97012231856702,66.30694042535069,0
141,28.32,27.822799999999987,77.69539434689048,66.60121779999581,0
142,28.29,27.834399999999988,77.3544630365885,66.89422350143057,0
143,28.24,27.84579999999999,76.97866618348031,67.18484288021769,0
144,28.2,27.856799999999986,76.56864241529904,67.47193219728051,0
145,28.16,27.867399999999986,76.13123478995267,67.75458074334135,0
146,28.11,27.877499999999976,75.67615377493556,68.03205975460608,0
147,28.08,27.88719999999998,75.1882024925259,68.30402498727531,0
148,28.03,27.89659999999998,74.68840652500568,68.56974821573857,0
149,27.98,27.905499999999982,74.15401251078299,68.8287138002486,0
150,27.93,27.913899999999984,73.65970489492632,69.07966944084811,0
151,27.9,27.921799999999983,73.12121336985014,69.32261859456611,1
152,27.86,27.929399999999987,72.58799348605893,69.55655026319448,1
153,27.82,27.936499999999988,72.0597068644888,69.78095077755549,1
154,27.78,27.943099999999994,71.52119941221274,69.99569793065008,1
155,27.75,27.949299999999994,71.00543660888559,70.20029529982766,1
156,27.72,27.955199999999994,70.48386077848427,70.39491488553723,1
157,27.69,27.960599999999996,69.95678690048236,70.57909906593704,1
158,27.66,27.9657,69.45213535207613,70.75273943790589,1
159,27.63,27.970299999999998,68.9310111478223,70.9158299280162,1
160,27.61,27.9745,68.41033951123913,71.06820850574833,1
161,27.59,27.9784,67.92854309897321,71.20965294706839,1
162,27.58,27.982000000000006,67.42550714704728,71.34049676196908,1
163,27.55,27.98540000000001,66.9154173634035,71.46058499622534,1
164,27.54,27.98840000000001,66.42285249802188,71.56973269222132,1
165,27.52,27.99110000000001,65.9360492747633,71.66822904887887,1
166,27.51,27.99350000000001,65.4549905389026,71.75613410984509,1
167,27.5,27.995600000000017,64.99099640613646,71.83333229885945,1
168,27.48,27.997400000000017,64.50971651307863,71.90016459478036,1
169,27.47,27.998900000000013,64.05129218241177,71.95657391239484,1
170,27.47,28.00010000000001,63.59307891708257,72.00273485584584,1
171,27.45,28.001100000000005,63.1512708971785,72.038868855783,1
172,27.45,28.00170000000001,62.6928391588991,72.06491834163072,1
173,27.45,28.002100000000006,62.263137013990026,72.0809416157771,1
174,27.44,28.002200000000006,61.832766095767695,72.0875056284754,1
175,27.43,28.002000000000006,61.402368817459404,72.08432943092673,1
176,27.42,28.001400000000004,60.98335926995792,72.07179930266787,1
177,27.42,28.000500000000002,60.564541318709566,72.04986456091382,1
178,27.41,27.999400000000005,60.16243717219831,72.01881014085544,1
179,27.4,27.998,59.73754117915175,71.97886129769293,1
180,27.4,27.9962,59.3583242553391,71.92978763596777,1
181,27.39,27.994100000000007,58.972777014195636,71.87215637193034,1
182,27.38,27.991700000000005,58.57073778336341,71.80625053713858,1
183,27.38,27.988900000000005,58.20252563215773,71.73172717985881,1
184,27.37,27.9859,57.83399095304607,71.64910147000934,1
185,27.36,27.9825,57.471481552337465,71.5584775180236,1
186,27.36,27.978700000000003,57.12016162233815,71.46008802050054,1
187,27.36,27.974700000000002,56.768914088253844,71.35404337796237,1
188,27.35,27.970500000000005,56.43435999996242,71.24057503556674,1
189,27.33,27.965999999999998,56.09411578778724,71.11979353624125,1
190,27.33,27.961,55.76553483477685,70.99169537151518,1
191,27.33,27.955899999999996,55.44225040727296,70.85651670422403,1
192,27.32,27.950499999999998,55.13044408037823,70.7146446522482,1
193,27.31,27.944699999999997,54.82411767531333,70.56596305598588,1
194,27.31,27.938699999999994,54.53526443938241,70.4106480463195,1
195,27.3,27.932399999999994,54.23441625653072,70.24892580960466,1
196,27.29,27.925799999999995,53.93937857100459,70.08078932999543,1
197,27.29,27.918899999999994,53.65596926887834,69.90635651392601,1
198,27.28,27.9116,53.406400191378616,69.72596264738857,1
199,27.28,27.904,53.151222435372254,69.5398401916201,1
200,27.28,27.896200000000004,52.90163162361048,69.34821362348481,1
201,27.28,27.888200000000012,52.64089367154444,69.15119524439876,1
202,27.27,27.880100000000013,52.51020283656431,68.94868269027775,1
203,27.27,27.871700000000015,52.46491120202271,68.74213670923592,1
204,27.27,27.863000000000014,52.51587291769593,68.53246212728594,1
205,27.27,27.854100000000017,52.561233225357775,68.32074549081052,1
206,27.27,27.845000000000017,52.66903202916398,68.10686680936196,1
207,27.27,27.835700000000017,52.77668639853347,67.89173645699253,1
208,27.27,27.826200000000018,52.89567496578577,67.67530017128688,1
209,27.27,27.816600000000015,53.05448738232325,67.45778627797662,1
210,27.27,27.80690000000002,53.25849772676275,67.23942549091478,1
211,27.27,27.797000000000022,53.491136049467805,67.02094637944596,1
212,27.27,27.787000000000017,53.75187743620086,66.8025826769832,1
213,27.28,27.776900000000015,54.063836125273916,66.58489749529245,1
214,27.28,27.766800000000018,54.403803641991985,66.36812493410429,1
215,27.29,27.756500000000013,54.76671574166532,66.1529340725381,1
216,27.29,27.746200000000016,55.14652098712767,65.93933275460812,1
217,27.3,27.735700000000016,55.56028435748699,65.72770358374446,1
218,27.3,27.72520000000002,55.99674755949747,65.51833958190099,1
219,27.31,27.71460000000002,56.41609212878319,65.31146994139826,1
220,27.31,27.70390000000002,56.87494375218596,65.107147018025,1
221,27.33,27.69310000000002,57.35111319435772,64.9056552255871,1
222,27.33,27.682400000000012,57.83826024929663,64.70733688261514,1
223,27.35,27.671600000000012,58.32020544251033,64.51230400224543,1
224,27.36,27.660900000000012,58.818674012277164,64.32044384071588,1
225,27.37,27.65020000000001,59.31742542301082,64.13209523436541,1
226,27.38,27.63950000000001,59.82721761252841,63.947258768919184,1
227,27.41,27.62890000000001,60.33763626887978,63.766216220649184,1
228,27.42,27.618500000000004,60.84745300266497,63.58886118450566,1
229,27.43,27.608100000000004,61.32304819347435,63.41518961280875,1
230,27.44,27.5977,61.838666409778625,63.244963802489835,1
231,27.47,27.587400000000002,62.33752713100997,63.07882225806771,1
232,27.49,27.577399999999997,62.82505289641389,62.916426056820065,1
233,27.5,27.5675,63.30639186248342,62.758111036781386,1
234,27.52,27.557699999999997,63.771246522767335,62.60432304790558,1
235,27.54,27.548,64.2301593338441,62.45540496918901,1
236,27.56,27.538699999999995,64.7058674248624,62.311540194607616,0
237,27.58,27.529599999999995,65.15949055546258,62.172890067273386,0
238,27.6,27.520999999999994,65.60165545817269,62.03969785025313,0
239,27.62,27.51279999999999,66.05481972009416,61.91213095195876,0
240,27.64,27.505099999999988,66.47434552196263,61.7905877090569,0
241,27.67,27.497899999999987,66.89981180398897,61.67562994109087,0
242,27.69,27.491399999999985,67.30221697015374,61.567674115661845,0
243,27.71,27.48539999999998,67.70460969728862,61.467151654997494,0
244,27.74,27.480099999999975,68.11875954004597,61.37441109013559,0
245,27.77,27.475499999999975,68.49885301328723,61.28991226138306,0
246,27.79,27.47159999999997,68.90154232528313,61.213588443616416,0
247,27.81,27.468399999999974,69.2756578262421,61.14584232911989,0
248,27.83,27.465699999999973,69.64959969393247,61.08671688245706,0
249,27.86,27.46369999999997,70.00758760015268,61.036328814146316,0
250,27.87,27.462499999999974,70.37519348904684,60.99486456504002,0
251,27.89,27.46189999999997,70.72137996452221,60.96201945098123,0
252,27.92,27.461799999999972,71.04515331384312,60.938021116927956,0
253,27.95,27.462399999999974,71.38022875404583,60.9225927152058,0
254,27.97,27.46369999999997,71.70384152807317,60.91579793410136,0
255,28.0,27.465599999999977,72.02181234102753,60.917624355259974,0
256,28.02,27.46809999999998,72.32232356983387,60.9277881125814,0
257,28.04,27.47109999999998,72.61188830094994,60.9461727404949,0
258,28.07,27.474599999999977,72.89051690366693,60.972723754499576,0
259,28.08,27.478699999999982,73.17936873746667,61.007107570015485,0
260,28.1,27.483199999999982,73.45765120339159,61.049591145911926,0
261,28.13,27.48809999999998,73.73029297336474,61.100064262833456,0
262,28.15,27.493499999999987,73.9971055684168,61.158081761577385,0
263,28.17,27.499199999999988,74.24698592441652,61.223797745791074,0
264,28.19,27.505399999999987,74.49706140083694,61.297113431401215,0
265,28.21,27.511899999999986,74.75804581471016,61.377855520429364,0
266,28.22,27.518799999999988,75.00209714427568,61.46607548582884,0
267,28.24,27.525899999999982,75.22884067211172,61.56154655188256,0
268,28.26,27.533299999999983,75.45051336540493,61.66392499454231,0
269,28.27,27.541099999999982,75.64941739442219,61.77333296306557,0
270,28.29,27.549099999999985,75.87051657092272,61.88931421518567,0
271,28.31,27.557299999999987,76.08655594793339,62.012088591724066,0
272,28.32,27.56589999999999,76.30179390651512,62.141441442231624,0
273,28.35,27.574599999999986,76.48478988048171,62.277530989707785,0
274,28.36,27.583599999999986,76.6837116097719,62.41974751837269,0
275,28.38,27.592799999999983,76.8651091037745,62.568256973512746,0
276,28.38,27.602299999999985,77.04084615204847,62.722884376375895,0
277,28.4,27.611899999999988,77.22829630967905,62.88345924519679,0
278,28.42,27.62169999999999,77.39336943530265,63.050096795106484,0
279,28.43,27.631799999999995,77.56346421664776,63.22240611773753,0
280,28.45,27.642099999999996,77.75696543034073,63.40066534811249,0
281,28.45,27.652599999999996,77.9095189313002,63.5846517598625,0
282,28.47,27.663199999999993,78.04640792419832,63.77401917903355,0
283,28.47,27.67409999999999,78.20479437559374,63.968775880441896,0
284,28.48,27.684999999999988,78.33519660537195,64.16879856787625,0
285,28.5,27.696099999999987,78.47793268935281,64.37381062439952,0
286,28.5,27.707499999999992,78.60769411484205,64.58387513576967,0
287,28.51,27.71889999999999,78.73852513755901,64.7987504606947,0
288,28.52,27.73039999999999,78.8689104262858,65.01844657118775,0
289,28.52,27.74209999999999,78.99887880732417,65.24279207545098,0
290,28.53,27.75399999999999,79.08978918254832,65.47183970564635,0
291,28.54,27.76599999999999,79.17504219219576,65.70508224912406,0
292,28.54,27.778099999999995,79.19760693416936,65.9424101669733,0
293,28.54,27.79029999999999,79.19760693416936,66.1830817955112,0
294,28.53,27.802599999999995,79.1457669226455,66.42681668809976,0
295,28.52,27.814799999999995,79.10584509585894,66.67292171293239,0
296,28.51,27.826999999999998,79.0316604131862,66.92163600132567,0
297,28.49,27.8392,78.92255060744202,67.17255881974748,0
298,28.47,27.8512,78.7401152674548,67.4252246331331,0
299,28.44,27.863099999999996,78.53512363357434,67.67856178389387,0
300,28.4,27.874699999999994,78.26659927107174,67.9324007958759,0
301,28.37,27.885899999999996,77.9421275681453,68.18605047235052,0
302,28.32,27.896799999999995,77.57170897192552,68.43906281131652,0
303,28.29,27.907299999999996,77.1743391893906,68.68967787267012,0
304,28.25,27.917499999999997,76.742527210622,68.93677215254381,0
305,28.21,27.927299999999995,76.30448331137065,69.17903869547307,0
306,28.17,27.936699999999995,75.82737216135745,69.41647119633319,0
307,28.13,27.9457,75.33899196769816,69.64805459765513,0
308,28.1,27.954300000000003,74.83426431251127,69.87367765334679,0
309,28.05,27.962600000000005,74.31692470783004,70.09306354681404,0
310,28.01,27.97040000000001,73.7951041228617,70.3056879200691,0
311,27.97,27.977800000000013,73.27326861065644,70.5110539840301,1
312,27.94,27.984800000000014,72.74615294996522,70.708875309642,1
313,27.9,27.991500000000016,72.20685151669726,70.89881806477962,1
314,27.87,27.997700000000012,71.67390197530888,71.08024821869387,1
315,27.84,28.00360000000001,71.1582429831613,71.25294920202704,1
316,27.81,28.00910000000001,70.62527336913966,71.416864474442,1
317,27.79,28.014300000000006,70.11572287382107,71.57165199826213,1
318,27.76,28.01920000000001,69.60016272020593,71.71720638342546,1
319,27.73,28.02380000000001,69.10684890365245,71.85324053503254,1
320,27.72,28.02800000000001,68.59173107440611,71.98014810278123,1
321,27.69,28.032100000000003,68.08159749107084,72.09731597600344,1
322,27.67,28.03570000000001,67.60046685447679,72.20462081897058,1
323,27.65,28.03910000000001,67.09654631214029,72.30224288502237,1
324,27.63,28.04210000000001,66.6093943287652,72.39000629371867,1
325,27.63,28.04480000000001,66.14553918606742,72.46791349688354,1
326,27.61,28.04740000000001,65.69237853778058,72.5361946345141,1
327,27.6,28.049700000000012,65.22843832658867,72.59484624376663,1
328,27.58,28.05160000000001,64.76377001576888,72.64375426434371,1
329,27.58,28.05320000000001,64.31118987482863,72.68291743447476,1
330,27.57,28.054700000000008,63.87565680354649,72.7127988512883,1
331,27.56,28.05600000000001,63.45652593764011,72.73316875522598,1
332,27.56,28.05690000000001,63.02103004859181,72.7443587432923,1
333,27.55,28.05760000000001,62.60207048550906,72.74631851481406,1
334,27.54,28.058100000000014,62.17164414690271,72.73927530104433,1
335,27.54,28.058300000000013,61.775241486080866,72.72327927728567,1
336,27.53,28.058300000000013,61.36760770464088,72.69873009880804,1
337,27.53,28.058000000000014,60.95428365311926,72.66534750160582,1
338,27.53,28.057500000000015,60.56943731327206,72.6232954325824,1
339,27.52,28.056800000000017,60.18432213787774,72.57297325113339,1
340,27.51,28.055800000000012,59.79340042079294,72.51426827531124,1
341,27.51,28.054500000000015,59.43663222223689,72.44745882429953,1
342,27.51,28.05290000000002,59.07406199141678,72.37282702848202,1
343,27.51,28.05110000000002,58.70611093994785,72.29054547869465,1
344,27.5,28.049100000000017,58.35480696160654,72.20056049112125,1
345,27.49,28.04670000000002,58.008929576199634,72.10292096533685,1
346,27.49,28.04390000000001,57.67475430032309,71.99802173096596,1
347,27.49,28.04090000000001,57.340352923866135,71.88575385071637,1
348,27.49,28.037700000000008,57.02311124858175,71.76640080169261,1
349,27.48,28.03430000000001,56.7168995032966,71.64013591723909,1
350,27.49,28.030500000000007,56.40544635126617,71.50722903627053,1
351,27.48,28.026700000000005,56.11052401576538,71.36753156489274,1
352,27.48,28.022600000000008,55.81575486483149,71.22142300540517,1
353,27.48,28.018200000000007,55.52104967766538,71.06912902091506,1
354,27.47,28.013500000000008,55.254404980352774,70.91053723015123,1
355,27.47,28.008500000000005,55.050266981969045,70.74604286467404,1
356,27.47,28.003200000000003,54.91422470034415,70.57632741108345,1
357,27.47,27.9977,54.9086390348596,70.40224642238854,1
358,27.46,27.991999999999997,54.942401139767675,70.22521392972764,1
359,27.46,27.985899999999997,54.99892459008723,70.04573277208866,1
360,27.46,27.979699999999998,55.061519846905114,69.86392833061484,1
361,27.46,27.973299999999995,55.135206472142634,69.67996701704999,1
362,27.46,27.966599999999993,55.24281465571779,69.49401615203776,1
363,27.46,27.959699999999994,55.40718057755641,69.30647324291077,1
364,27.47,27.952599999999993,55.60022237678629,69.11807518944217,1
365,27.46,27.945399999999985,55.854983741232495,68.92910679920166,1
366,27.46,27.937899999999985,56.160894453468565,68.74007617846688,1
367,27.48,27.93029999999999,56.501411819663126,68.55166415155881,1
368,27.47,27.922699999999985,56.858257910825586,68.36438986303433,1
369,27.48,27.914799999999982,57.26057223009423,68.17846730848852,1
370,27.48,27.90689999999998,57.680024797422305,67.99457885684524,1
371,27.49,27.89879999999998,58.09378336221765,67.81267393911024,1
372,27.5,27.89059999999997,58.53015692828769,67.63274621325309,1
373,27.51,27.88239999999998,59.00066582621343,67.4550298434708,1
374,27.52,27.87399999999998,59.45394191136003,67.28018860292812,1
375,27.54,27.865599999999986,59.93591275692973,67.10789090594402,1
376,27.55,27.857199999999985,60.4176335666171,66.93859894247554,1
377,27.55,27.84889999999999,60.887518815086715,66.77236681662123,1
378,27.57,27.840399999999992,61.35806672443786,66.60895904167529,1
379,27.58,27.83189999999999,61.84506515510238,66.44860601456666,1
380,27.6,27.823399999999992,62.32144035141697,66.2914220239512,1
381,27.6,27.814899999999998,62.808103571401205,66.13706677316196,1
382,27.63,27.8064,63.29046334551482,65.98605261956298,1
383,27.64,27.798,63.73795556008765,65.83849317377613,1
384,27.65,27.789699999999996,64.21343055334378,65.69382478562108,1
385,27.68,27.781399999999998,64.66718751504193,65.55260712510079,1
386,27.7,27.773199999999996,65.12079382413513,65.4144996733577,1
387,27.72,27.765199999999997,65.55176872253242,65.27963067045063,1
388,27.74,27.75729999999999,65.98824025713375,65.14776310630036,1
389,27.76,27.74949999999999,66.43005251205302,65.01895640460884,0
390,27.78,27.74189999999999,66.85532771911673,64.89326814165614,0
391,27.81,27.734399999999997,67.26943938829208,64.77092352702182,0
392,27.83,27.727099999999997,67.68935187283249,64.65186749898277,0
393,27.85,27.719999999999995,68.08571949588816,64.5367849483694,0
394,27.86,27.7131,68.45978840559519,64.42566607398659,0
395,27.89,27.706400000000002,68.8682046112117,64.31880628881609,0
396,27.9,27.700100000000003,69.25338957579658,64.21642988396961,0
397,27.92,27.694000000000003,69.62757428570812,64.11864717559573,0
398,27.96,27.688300000000005,69.99160727845333,64.02569741237839,0
399,27.97,27.683200000000006,70.34834912884914,63.93821233248838,0
400,28.0,27.678500000000003,70.68913845512557,63.856344587441114,0
401,28.02,27.674500000000002,71.03506536106232,63.78056997928167,0
402,28.04,27.671,71.3753525105335,63.71149935721084,0
403,28.06,27.6682,71.67591078601737,63.64953579259693,0
404,28.08,27.665899999999997,72.00488112503645,63.59455150856319,0
405,28.1,27.664199999999997,72.31143881646777,63.54717504770734,0
406,28.12,27.663099999999996,72.62911175816915,63.50724460275831,0
407,28.14,27.662599999999994,72.90670633329015,63.47526199872644,0
408,28.16,27.66269999999999,73.18521546240518,63.450939142382346,0
409,28.18,27.66329999999999,73.48029928660355,63.43444865388129,0
410,28.2,27.664599999999986,73.74679196993408,63.42608239966903,0
411,28.22,27.66649999999999,74.01402274478457,63.42559927813974,0
412,28.23,27.668999999999986,74.28011893090486,63.43300681948104,0
413,28.25,27.671899999999987,74.53568249945187,63.44834647929043,0
414,28.27,27.67539999999999,74.77995854747225,63.47163478911797,0
415,28.28,27.67939999999999,75.02328059101762,63.50269535483962,0
416,28.3,27.68379999999999,75.26736159003029,63.541345730918174,0
417,28.31,27.688699999999994,75.47155243558994,63.58776661312708,0
418,28.32,27.693899999999996,75.70414714955089,63.641324908744764,0
419,28.34,27.699499999999997,75.91436366837965,63.70236475303822,0
420,28.36,27.705599999999993,76.11310981291508,63.77043990068548,0
421,28.38,27.712,76.32917713182714,63.84565368807059,0
422,28.38,27.718899999999998,76.51561095261754,63.928129484478134,0
423,28.39,27.726,76.70810298442161,64.01728092545956,0
424,28.4,27.733399999999996,76.87861572297615,64.11339649218236,0
425,28.41,27.741100000000003,77.05396735704329,64.21608870612448,0
426,28.42,27.748900000000003,77.21844105229646,64.32517298783422,0
427,28.43,27.757,77.39397614842221,64.44043361297939,0
428,28.44,27.765300000000003,77.55280440798286,64.56208899119773,0
429,28.45,27.773900000000005,77.7061828506799,64.68997933511987,0
430,28.45,27.7826,77.85894849437177,64.82392926487839,0
431,28.46,27.7914,78.00042623086178,64.96376218178662,0
432,28.46,27.8004,78.11933304223884,65.10920118471886,0
433,28.46,27.8094,78.19267881583379,65.26018421465533,0
434,28.47,27.818500000000004,78.24971801049554,65.41609029795858,0
435,28.46,27.827800000000003,78.27166477017181,65.5768710365945,0
436,28.46,27.837000000000007,78.26016884453541,65.7418352694354,0
437,28.45,27.846300000000006,78.20311455161824,65.91076088083436,0
438,28.44,27.855500000000006,78.11159200506721,66.08324918981936,0
439,28.42,27.864600000000006,77.98015903397113,66.2586707367373,0
440,28.39,27.87360000000001,77.7860438770539,66.43662910569823,0
441,28.36,27.882400000000008,77.53552356019395,66.61655554026083,0
442,28.33,27.890900000000006,77.22296977878047,66.7975444536404,0
443,28.3,27.899100000000004,76.84773056312271,66.97903353151405,0
444,28.27,27.907000000000007,76.44451349149696,67.16044972774579,0
445,28.23,27.914700000000003,75.97337721532536,67.34134679304469,0
446,28.19,27.9221,75.51315422607595,67.52099126943594,0
447,28.15,27.929099999999995,75.03057043422382,67.69937526869349,0
448,28.12,27.935699999999994,74.49211978521079,67.87627744379705,0
449,28.09,27.94199999999999,73.98132388941326,68.05096752916334,0
450,28.04,27.948099999999997,73.45322828890089,68.22361177302452,0
451,28.02,27.95359999999999,72.89800757777098,68.39408959240087,0
452,27.97,27.958999999999996,72.36444540091419,68.56196442802091,0
453,27.93,27.963899999999995,71.8026627708925,68.72745133338175,1
454,27.91,27.968399999999995,71.25886950508465,68.89026746431404,1
455,27.88,27.972799999999992,70.70376710648466,69.05031210956133,1
456,27.84,27.9769,70.14196610366832,69.20684711080649,1
457,27.83,27.980600000000003,69.60989596834169,69.35912452483973,1
458,27.81,27.984200000000005,69.07762089197068,69.50613709417455,1
459,27.78,27.987700000000004,68.51674248896846,69.64748929169657,1
460,27.75,27.990900000000007,67.99508474858159,69.7826674706854,1
461,27.75,27.993800000000007,67.47492247211748,69.91200311970216,1
462,27.72,27.996700000000004,66.95930331224925,70.0354002797019,1
463,27.7,27.9993,66.43220507318419,70.15256516626722,1
464,27.69,28.001700000000007,65.93985513519128,70.2628154112235,1
465,27.67,28.0039,65.43559213804814,70.36621173880755,1
466,27.66,28.006000000000004,64.93764730761941,70.4620178227757,1
467,27.65,28.008000000000006,64.44501719758897,70.54978535131721,1
468,27.64,28.009700000000006,63.9808976791036,70.62922140509647,1
469,27.63,28.01140000000001,63.4938326557582,70.70044780277924,1
470,27.62,28.01290000000001,63.04646057548362,70.76278040703589,1
471,27.6,28.014300000000002,62.581940994594554,70.8164447648165,1
472,27.6,28.015400000000003,62.15736000901562,70.86132634114026,1
473,27.59,28.016399999999997,61.69879187018446,70.89759837194754,1
474,27.59,28.0172,61.2683410871712,70.92457963238725,1
475,27.58,28.0179,60.84916998066379,70.94272362414537,1
476,27.58,28.0183,60.435849217099076,70.95185619638272,1
477,27.57,28.018600000000003,60.01083404211688,70.95203835288754,1
478,27.56,28.018800000000002,59.59709942859413,70.94327150515784,1
479,27.55,28.018700000000003,59.206196166870214,70.9256618321994,1
480,27.55,28.0184,58.80960149834065,70.89927314231709,1
481,27.54,28.017900000000008,58.424083103949734,70.86415475378631,1
482,27.52,28.01730000000001,58.044008982602705,70.82031454911179,1
483,27.52,28.01620000000001,57.67016440893613,70.76785000548267,1
484,27.52,28.015000000000008,57.29061322423983,70.70717209397115,1
485,27.51,28.013700000000014,56.95030324669616,70.63794392068012,1
486,27.51,28.01200000000001,56.61015915567305,70.56077507799665,1
487,27.5,28.010100000000012,56.281147774275865,70.47566873131204,1
488,27.49,28.00790000000001,55.94104394410884,70.38296252182948,1
489,27.48,28.005400000000005,55.63465502540246,70.28249055869924,1
490,27.49,28.002600000000008,55.317512389273126,70.17453658383273,1
491,27.48,27.999700000000008,55.02234286204714,70.05915843053428,1
492,27.47,27.996400000000005,54.75558381587936,69.93668746527186,1
493,27.47,27.992800000000003,54.51740348561407,69.80734978470231,1
494,27.47,27.989,54.38724905524091,69.67166662459957,1
495,27.46,27.985100000000003,54.341573822892684,69.53094123109604,1
496,27.46,27.980800000000002,54.37559046621143,69.38567492321283,1
497,27.46,27.9764,54.43212986495786,69.23689693211698,1
498,27.46,27.97180000000001,54.51716763454963,69.08494248790947,1
499,27.46,27.966800000000006,54.57393307062308,68.93019809147044,1
500,27.46,27.961700000000004,54.65338026381745,68.77245393088816,1
501,27.47,27.956300000000006,54.76117059869739,68.61209634897509,1
502,27.47,27.9508,54.914307613792786,68.44935740135145,1
503,27.46,27.945099999999996,55.12945419687955,68.28474695238404,1
504,27.47,27.9391,55.379184312272145,68.11928238649267,1
505,27.47,27.932999999999993,55.67947863787198,67.95302541836503,1
506,27.48,27.926699999999993,55.99727712808419,67.78670581657906,1
507,27.49,27.920299999999994,56.36029770035037,67.62038747027822,1
508,27.49,27.913799999999988,56.745500363657264,67.45492338394882,1
509,27.5,27.907099999999986,57.1537924391714,67.29052623296134,1
510,27.51,27.900299999999984,57.607264945262266,67.12726116448701,1
511,27.51,27.89339999999999,58.043406260813775,66.9658658942403,1
512,27.52,27.886299999999988,58.53684413051871,66.80615972940059,1
513,27.54,27.879199999999983,59.00737847783036,66.64872698139673,1
514,27.55,27.872099999999985,59.483435136766,66.49344394118052,1
515,27.56,27.864899999999984,59.96543237994741,66.34047870707346,1
516,27.56,27.85769999999998,60.452270412776215,66.18990022496277,1
517,27.58,27.850299999999983,60.94550566249567,66.04174931319022,1
518,27.59,27.842999999999982,61.427039713000305,65.89648884545927,1
519,27.61,27.835699999999985,61.92020068963693,65.75371777109378,1
520,27.63,27.828399999999988,62.390695837806554,65.61377614130635,1
521,27.64,27.82109999999999,62.87234943239349,65.47655200155528,1
522,27.65,27.813699999999994,63.342532626462585,65.34198372456093,1
523,27.68,27.806399999999993,63.81911863322392,65.21025294129937,1
524,27.7,27.799299999999995,64.26687537472093,65.0813630977874,1
525,27.71,27.79229999999999,64.74260804170501,64.95524569430485,1
526,27.74,27.78529999999999,65.17941906353225,64.83213210115149,1
527,27.76,27.77849999999999,65.62173358660249,64.71174188126383,1
528,27.77,27.771799999999995,66.05752096272074,64.59401945564564,1
529,27.79,27.765099999999993,66.48863467641331,64.479066621193,0
530,27.81,27.758499999999994,66.90203357970267,64.36689113945035,0
531,27.83,27.75209999999999,67.3106645984894,64.25732199030364,0
532,27.85,27.745799999999996,67.70737483961771,64.15042437397992,0
533,27.86,27.739699999999992,68.10376821563301,64.0463047919537,0
534,27.88,27.733699999999995,68.48348920669144,63.945415685951694,0
535,27.9,27.7278,68.86351800673049,63.84775339791366,0
536,27.92,27.7222,69.23175313149436,63.75367193027923,0
537,27.93,27.716800000000003,69.60562210598528,63.66338777314883,0
538,27.96,27.711600000000004,69.95189412422681,63.577412848692504,0
539,27.98,27.7068,70.29201395149649,63.4958158698841,0
540,28.0,27.7024,70.65507495460422,63.41893441905934,0
541,28.01,27.698500000000003,70.9833802899529,63.34762472983485,0
542,28.03,27.695000000000007,71.30652926066847,63.28210329713244,0
543,28.05,27.692000000000007,71.61837659301452,63.22293889195134,0
544,28.06,27.689500000000006,71.93005515286062,63.17064535225024,0
545,28.08,27.687400000000007,72.23059688118501,63.12550076886387,0
546,28.08,27.6859,72.51312341759238,63.08807296552248,0
547,28.11,27.684800000000006,72.8203760701073,63.058072657437634,0
548,28.13,27.684400000000004,73.08667548664542,63.03597071379646,0
549,28.14,27.684500000000007,73.34730835315904,63.021916270810806,0
550,28.15,27.68500000000001,73.60776285013685,63.01557611544827,0
551,28.17,27.68610000000001,73.86311356042486,63.017121461060626,0
552,28.17,27.68760000000001,74.11188580379617,63.026772520887164,0
553,28.19,27.689600000000013,74.33355132030893,63.04424692491599,0
554,28.19,27.69220000000001,74.57063410187992,63.069555810410165,0
555,28.21,27.695000000000014,74.80320151482194,63.102673456378106,0
556,28.21,27.698300000000014,75.02936022107681,63.14366780046148,0
557,28.23,27.702000000000012,75.23934555734434,63.19254174163556,0
558,28.23,27.706000000000014,75.44855881797876,63.24883623752558,0
559,28.24,27.710200000000007,75.65796183426988,63.312545616785684,0
560,28.25,27.714800000000004,75.83368358840124,63.38395781023869,0
561,28.26,27.719800000000006,76.03783457375025,63.4623437986369,0
562,28.26,27.724900000000012,76.20712138002382,63.54797291965322,0
563,28.27,27.730300000000014,76.38847767261807,63.640451100330964,0
564,28.28,27.73600000000001,76.52450535972936,63.74001382632531,0
565,28.29,27.74190000000002,76.60410858383999,63.84586032857069,0
566,28.28,27.74810000000002,76.68289740525192,63.95754549302861,0
567,28.28,27.754300000000015,76.69962016668717,64.07499799400495,0
568,28.28,27.760600000000018,76.67664386907092,64.19754402369591,0
569,28.27,27.767000000000017,76.60249733786256,64.32450148559559,0
570,28.25,27.773400000000017,76.44289349247141,64.45558813241664,0
571,28.23,27.779700000000016,76.20432019463648,64.58955246158652,0
572,28.21,27.786000000000016,75.90932579013034,64.72577625358693,0
573,28.19,27.79210000000002,75.58047443388237,64.86329591139808,0
574,28.15,27.798100000000012,75.19986753718531,65.00211273703506,0
575,28.13,27.803700000000017,74.7914270165,65.14142800153519,0
576,28.1,27.80920000000002,74.33802686860042,65.28085057189355,0
577,28.06,27.81440000000002,73.88914336709139,65.41987234840857,0
578,28.03,27.819300000000016,73.4073273381148,65.55865544165832,0
579,28.0,27.82400000000002,72.9138443740705,65.69675772075352,0
580,27.96,27.828500000000016,72.39705679773952,65.83383420282551,0
581,27.92,27.83260000000002,71.88665634996792,65.96970875581951,0
582,27.9,27.836400000000022,71.36546940673998,66.10433448827969,0
583,27.87,27.840200000000024,70.84956272000682,66.23754909252106,0
584,27.85,27.843700000000016,70.31720996247132,66.36934307563178,0
585,27.82,27.847000000000016,69.79580297526046,66.49960904301408,1
586,27.8,27.850100000000015,69.26919384183299,66.62806404029972,1
587,27.78,27.85300000000002,68.73723261614373,66.75465438716132,1
588,27.76,27.855800000000023,68.21055824191312,66.87921523558,1
589,27.75,27.85850000000002,67.71225542075435,67.00191037855805,1
590,27.73,27.86120000000002,67.20275493268318,67.12268638251157,1
591,27.72,27.86360000000002,66.71017872441888,67.24153880794569,1
592,27.71,27.866000000000017,66.20668489530142,67.35841716656941,1
593,27.68,27.868400000000015,65.70780540613976,67.47292817736361,1
594,27.67,27.87050000000001,65.22668986642893,67.58483219656888,1
595,27.66,27.872500000000013,64.73395308221674,67.69322660468075,1
596,27.65,27.874500000000012,64.25867260330274,67.797150397274,1
597,27.64,27.87640000000001,63.79991593383743,67.89598121864489,1
598,27.64,27.87820000000001,63.33056917879361,67.98965907933369,1
599,27.63,27.880000000000006,62.8663196733977,68.07779309477614,1
600,27.63,27.881700000000006,62.4020118947317,68.16071696080388,1
601,27.62,27.883400000000005,61.96029058167041,68.23820327711303,1
602,27.62,27.884900000000005,61.50179706047409,68.31019447694275,1
603,27.61,27.88640000000001,61.071185534072995,68.37606937140957,1
604,27.61,27.88790000000001,60.640998159210014,68.43548668478151,1
605,27.59,27.889300000000006,60.22141195691221,68.4881048232509,1
606,27.59,27.89050000000001,59.81388867788939,68.5335241564413,1
607,27.59,27.891600000000007,59.406095567734205,68.57169027193935,1
608,27.58,27.892600000000005,59.00926692087431,68.6021482506132,1
609,27.58,27.893500000000007,58.61838400878928,68.62478591618536,1
610,27.57,27.894300000000012,58.221600920620126,68.63943183188154,1
611,27.57,27.894900000000018,57.864530163431795,68.64557519163513,1
612,27.56,27.895500000000016,57.49043347266756,68.6437864306613,1
613,27.55,27.89590000000001,57.1162086253089,68.6333223240828,1
614,27.55,27.896000000000008,56.75923401700814,68.61441062555758,1
615,27.55,27.896000000000008,56.42471469831195,68.58716861436001,1
616,27.54,27.895900000000005,56.0843162939469,68.55176143754366,1
617,27.54,27.895700000000005,55.73849342695011,68.50808189635536,1
618,27.52,27.895300000000006,55.431982657826666,68.45601177399992,1
619,27.52,27.894600000000004,55.10886804075782,68.39606120344818,1
620,27.52,27.89370000000001,54.791145586203996,68.32794787695939,1
621,27.52,27.892600000000005,54.502075188324476,68.25195237444335,1
622,27.51,27.89140000000001,54.19557147692785,68.16824963200267,1
623,27.5,27.890000000000015,53.911819605243174,68.07678002050733,1
624,27.5,27.888200000000015,53.63402121671768,67.9777070302275,1
625,27.49,27.886200000000017,53.36716935447037,67.8713784886475,1
626,27.49,27.884000000000018,53.10619842482432,67.75762410177512,1
627,27.49,27.881500000000013,52.862227175578305,67.63689189538805,1
628,27.49,27.878800000000016,52.697727554709566,67.50929683127782,1
629,27.48,27.876000000000012,52.657673965197645,67.37569889719771,1
630,27.48,27.87290000000001,52.70879609919996,67.23738929008555,1
631,27.48,27.86960000000001,52.794017414598244,67.09545691528051,1
632,27.48,27.866100000000007,52.95837225159897,66.9502904434416,1
633,27.48,27.8624,53.088897826212154,66.80280041756141,1
634,27.47,27.858600000000003,53.2361407821236,66.6526517136672,1
635,27.48,27.854499999999998,53.42918814473986,66.50017822942151,1
636,27.48,27.850299999999997,53.65035852742129,66.3458349308016,1
637,27.48,27.845899999999997,53.93388918032571,66.19002098476089,1
638,27.48,27.841399999999993,54.24581853755833,66.03330365550428,1
639,27.49,27.836599999999994,54.62025385586935,65.87624289963759,1
640,27.49,27.831699999999987,55.017085263861425,65.71952529868132,1
641,27.5,27.826599999999985,55.436799633766505,65.5631454017739,1
642,27.52,27.821499999999983,55.87949233838836,65.40767959521202,1
643,27.52,27.81639999999998,56.33286686236616,65.25340922598923,1
644,27.52,27.811099999999982,56.80912523817318,65.10055412868275,1
645,27.53,27.805699999999984,57.27965985908155,64.94934482953586,1
646,27.54,27.800199999999982,57.77857447807348,64.79983545931482,1
647,27.55,27.79479999999998,58.277430118025165,64.65248996991963,1
648,27.57,27.789199999999987,58.78211455739105,64.50706051039882,1
649,27.58,27.78359999999999,59.29251946759316,64.36401490110626,1
650,27.6,27.777999999999988,59.79700450682136,64.22346701225061,1
651,27.61,27.772499999999983,60.31266036119203,64.08535942881744,1
652,27.62,27.766899999999985,60.81716246521953,63.94985489682511,1
653,27.63,27.76139999999999,61.315853237502736,63.81690766343935,1
654,27.65,27.75579999999999,61.81448900296743,63.68673068261127,1
655,27.67,27.750399999999992,62.31935859411334,63.55916923162214,1
656,27.69,27.74499999999999,62.80672623065336,63.43433080241506,1
657,27.7,27.739799999999995,63.29972329103662,63.312104462510824,1
658,27.73,27.73449999999999,63.77057326401723,63.192708239847754,1
659,27.74,27.729499999999987,64.22955719858743,63.07592838430813,0
660,27.76,27.72449999999999,64.71140748076255,62.96164433795131,0
661,27.79,27.719599999999993,65.15943975266988,62.85042157687492,0
662,27.81,27.71489999999999,65.60165977454726,62.74163762866412,0
663,27.82,27.710399999999986,66.0492254034148,62.63558301260936,0
664,27.85,27.70589999999999,66.4803894080465,62.532190489917326,0
665,27.86,27.70159999999999,66.90515540402286,62.4317493304005,0
666,27.89,27.69729999999999,67.31383336282325,62.33475979860233,0
667,27.9,27.693399999999997,67.74450473769541,62.24106915817804,0
668,27.93,27.6896,68.12489962865403,62.151518003888114,0
669,27.95,27.686099999999996,68.51049807435561,62.06600056148396,0
670,27.98,27.6829,68.8965565847673,61.98508056884888,0
671,28.0,27.680199999999996,69.26550129841635,61.90961719977184,0
672,28.04,27.6779,69.61782288986312,61.840229010809644,0
673,28.04,27.676199999999998,69.96850092271409,61.777313981806984,0
674,28.07,27.674699999999994,70.31532823571499,61.7211942466953,0
675,28.08,27.6739,70.64936183783504,61.672348853680596,0
676,28.11,27.673399999999997,70.97874764646727,61.63092820189395,0
677,28.13,27.6735,71.29631691710615,61.59733540967263,0
678,28.15,27.6742,71.59728479947938,61.57140714517278,0
679,28.16,27.6754,71.91431550594132,61.55330671978643,0
680,28.18,27.677,72.21493607124106,61.54331143110513,0
681,28.2,27.679199999999994,72.51007178264267,61.54149022384015,0
682,28.22,27.681999999999995,72.79409390606097,61.5477243781669,0
683,28.23,27.68519999999999,73.07137014078762,61.562010623160106,0
684,28.24,27.688799999999993,73.33244567202442,61.58422869736792,0
685,28.26,27.692699999999995,73.58767316812622,61.61438105446345,0
686,28.28,27.697099999999995,73.84892096387263,61.652299756392104,0
687,28.29,27.701899999999995,74.09849917761855,61.69809702761251,0
688,28.3,27.706999999999994,74.33038790229693,61.751709693227255,0
689,28.31,27.71239999999999,74.56245770196102,61.81290798983109,0
690,28.32,27.717999999999993,74.79469756682724,61.881410012643165,0
691,28.34,27.723899999999993,75.01661249122427,61.95732943898461,0
692,28.35,27.730099999999993,75.22647612282489,62.04039377665266,0
693,28.35,27.736499999999992,75.43535465654341,62.130591688927886,0
694,28.37,27.74319999999999,75.63974725621732,62.22786718143192,0
695,28.38,27.750199999999996,75.82720617691528,62.33199775532981,0
696,28.38,27.757399999999997,76.00219365541031,62.4429302862768,0
697,28.39,27.764699999999998,76.20015106572886,62.560365496797864,0
698,28.39,27.772199999999998,76.36403475545177,62.6843678481168,0
699,28.4,27.7797,76.52831779511656,62.81470250388338,0
700,28.4,27.787399999999998,76.70930997833328,62.951322485100576,0
701,28.41,27.795099999999998,76.86209477051217,63.094395465936586,0
702,28.41,27.802999999999997,77.00317862698654,63.243413507825,0
703,28.41,27.810899999999993,77.11604142312477,63.398427323490125,0
704,28.41,27.818899999999996,77.17811433593073,63.55887588238065,0
705,28.41,27.82689999999999,77.200892520769,63.724247044147845,0
706,28.4,27.835099999999994,77.18334444705282,63.8940418497864,0
707,28.39,27.843199999999996,77.13154342590822,64.06773640747804,0
708,28.38,27.851199999999995,77.01182543073837,64.24499088605978,0
709,28.36,27.859199999999998,76.84112058804901,64.42501647115843,0
710,28.33,27.866999999999997,76.57911600326706,64.60724383695101,0
711,28.29,27.8746,76.24920731553023,64.7908189877775,0
712,28.26,27.881800000000002,75.88002516499314,64.97466575929847,0
713,28.23,27.888800000000007,75.45945200573624,65.15856167622172,0
714,28.19,27.895600000000005,75.01069153501639,65.341994110026,0
715,28.15,27.902,74.52205193082166,65.52450868520607,0
716,28.12,27.908000000000005,74.02326424936396,65.70548205753117,0
717,28.08,27.913800000000002,73.50077898673865,65.88487153708533,0
718,28.04,27.919199999999996,72.97849367606239,66.06249439268323,0
719,28.0,27.924399999999995,72.47386519347711,66.23795950286556,0
720,27.96,27.929199999999994,71.94557596154097,66.41160947439276,0
721,27.93,27.9336,71.4014317188783,66.58315377814614,1
722,27.9,27.937699999999992,70.87967495787838,66.75214734345167,1
723,27.87,27.941599999999994,70.32470194105086,66.91898837826118,1
724,27.84,27.945299999999992,69.80308528875278,67.08311720161925,1
725,27.82,27.948699999999995,69.28744473666457,67.24480784233961,1
726,27.8,27.951999999999998,68.77239827574118,67.40401059616156,1
727,27.78,27.9551,68.25669004957487,67.56067259467073,1
728,27.76,27.958000000000006,67.74111455323875,67.7146172234107,1
729,27.74,27.96070000000001,67.23711752297005,67.86505109339599,1
730,27.73,27.963300000000007,66.7167122691891,68.0108455289737,1
731,27.71,27.96580000000001,66.2239349905698,68.15092469067359,1
732,27.71,27.968100000000014,65.72604386523113,68.28522386643331,1
733,27.7,27.970400000000012,65.23373878309756,68.41290058256963,1
734,27.69,27.972600000000014,64.74151613332639,68.53434899213849,1
735,27.67,27.974800000000013,64.2427770247953,68.64940274565052,1
736,27.66,27.976700000000015,63.76149592432544,68.75753863445105,1
737,27.65,27.978500000000018,63.291491399022235,68.8586500084201,1
738,27.64,27.980200000000014,62.838287318922774,68.95222603060706,1
739,27.65,27.98180000000001,62.369050712591886,69.03815071842071,1
740,27.64,27.98340000000001,61.92153429955663,69.11563868698794,1
741,27.63,27.98490000000001,61.468309471454695,69.1846831773449,1
742,27.62,27.98620000000001,61.02648164053556,69.24499827572178,1
743,27.62,27.98720000000001,60.58506927118823,69.29646816874325,1
744,27.62,27.98820000000001,60.16025143968825,69.33899019283147,1
745,27.6,27.989200000000004,59.72927934888522,69.37250145484663,1
746,27.6,27.989900000000006,59.32157729934839,69.39699764974466,1
747,27.59,27.9905,58.90198109535544,69.41242767795741,1
748,27.59,27.990900000000007,58.494190490387226,69.4186731877307,1
749,27.58,27.99110000000001,58.086149448416485,69.41579394706065,1
750,27.58,27.991100000000007,57.700828064809464,69.40373024686889,1
751,27.58,27.99090000000001,57.32113304117807,69.38276848244877,1
752,27.57,27.990600000000008,56.929885547922915,69.35285320924862,1
753,27.56,27.990100000000005,56.56126676587528,69.31398044007565,1
754,27.56,27.989400000000003,56.18713264246308,69.2664345753594,1
755,27.55,27.988500000000002,55.852462444494854,69.21016101175435,1
756,27.55,27.987300000000005,55.48959970647857,69.14549205025817,1
757,27.54,27.985900000000004,55.13779483387753,69.07232078501642,1
758,27.54,27.984300000000008,54.80896982601548,68.99070150044484,1
759,27.53,27.982400000000005,54.485541839711864,68.90108546606481,1
760,27.53,27.980300000000007,54.15075878999001,68.80364531247608,1
761,27.52,27.978000000000012,53.83855509417922,68.69803882556835,1
762,27.51,27.97530000000001,53.52081534956364,68.58482997898345,1
763,27.51,27.972300000000008,53.22014200721217,68.46402153473359,1
764,27.5,27.969200000000015,52.92483656002076,68.33573070077158,1
765,27.49,27.965700000000012,52.62412374843925,68.20017517229131,1
766,27.49,27.96200000000001,52.334665659443644,68.05736485573547,1
767,27.48,27.958000000000006,52.06214833942618,67.90757317870168,1
768,27.48,27.95380000000001,51.77839581877175,67.75074961471898,1
769,27.47,27.949300000000008,51.50016976934929,67.58728457662016,1
770,27.46,27.94450000000001,51.23321746226464,67.41718129357011,1
771,27.45,27.939300000000006,50.96064654665784,67.24054790234507,1
772,27.44,27.933800000000005,50.71070025033748,67.05749935482748,1
773,27.44,27.927800000000005,50.460862550084684,66.86842812843221,1
774,27.45,27.921800000000005,50.211294432870666,66.67335174470594,1
775,27.44,27.915600000000005,49.96699476846011,66.47231140667749,1
776,27.42,27.909200000000002,49.73387619980174,66.26548773598374,1
777,27.41,27.9023,49.489672582126424,66.0530390215171,1
778,27.42,27.8951,49.285394786309794,65.83497257816728,1
779,27.41,27.8878,49.05236926161477,65.61185367803559,1
780,27.41,27.8803,48.84797000711223,65.38323421559232,1
781,27.4,27.8726,48.637784896660065,65.14956455495103,1
782,27.39,27.864599999999996,48.421730835388225,64.9108416860912,1
783,27.38,27.85629999999999,48.23415736678058,64.66711805538448,1
784,27.37,27.847799999999992,48.04667408510167,64.41874592764441,1
785,27.37,27.839099999999988,47.84794938698994,64.16588821177518,1
786,27.36,27.830199999999987,47.66604507574899,63.908490973963815,1
787,27.36,27.820999999999984,47.47290016375395,63.646662215082586,1
788,27.35,27.81169999999999,47.30238273654736,63.38040622494395,1
789,27.33,27.80219999999999,47.120351994670756,63.11012617328645,1
790,27.33,27.79239999999999,46.9612722412067,62.83570511621356,1
791,27.32,27.782499999999985,46.79635994592374,62.557370862957356,1
792,27.32,27.772299999999987,46.648706201730676,62.27516833750435,1
793,27.32,27.76199999999999,46.47253355085652,61.98939063829341,1
794,27.3,27.751699999999992,46.3360182902792,61.699762427236536,1
795,27.3,27.740999999999996,46.19396278916258,61.40672513757715,1
796,27.3,27.730199999999996,46.04625215890209,61.11039270369962,1
797,27.29,27.7194,45.89269217892838,60.810833288734536,1
798,27.29,27.7084,45.75639893847025,60.507758699866535,1
799,27.29,27.6974,45.61429233232827,60.201682341696724,1
800,27.29,27.686299999999996,45.47789497178114,59.89254208706884,1
801,27.28,27.6752,45.341408384108504,59.58022793700333,1
802,27.27,27.663899999999998,45.21637010481985,59.265021073139295,1
803,27.27,27.6525,45.102637957395345,58.94715298791763,1
804,27.27,27.6411,44.96628400259346,58.62701895326033,1
805,27.26,27.6297,44.86388804959217,58.30490064992695,1
806,27.26,27.6182,44.73886566675981,57.98153060521518,1
807,27.25,27.606800000000007,44.64220574040313,57.65708581741225,1
808,27.25,27.59540000000001,44.51715202048703,57.3321924405572,1
809,27.25,27.584100000000014,44.40348580548247,57.007245706454675,1
810,27.25,27.573000000000015,44.306819790599235,56.68286935862901,1
811,27.24,27.562200000000015,44.22149748500936,56.360146396502344,1
812,27.23,27.551700000000015,44.10775953331483,56.03986929819714,1
813,27.24,27.541400000000014,44.050986761646065,55.72214664188036,1
814,27.23,27.53150000000001,44.08502487995915,55.408061989439446,1
815,27.24,27.521900000000013,44.15895532522424,55.098805322888865,1
816,27.23,27.512800000000013,44.261191338290836,54.79517435683289,1
817,27.24,27.50390000000001,44.386292570221414,54.497553627722155,1
818,27.23,27.495500000000007,44.57376159336137,54.20640876355697,1
819,27.24,27.487400000000008,44.81253525675859,53.922361442729965,1
820,27.24,27.4798,45.1363978424359,53.64574814336277,1
821,27.24,27.472599999999996,45.51141871217071,53.37765636217173,1
822,27.24,27.46569999999999,45.93188118020118,53.11875623210465,1
823,27.25,27.45909999999999,46.38066660896878,52.869278294327884,1
824,27.26,27.45289999999999,46.88633948607121,52.62983794100706,1
825,27.26,27.447099999999992,47.43727440860997,52.40067048298024,1
826,27.27,27.44149999999999,47.99948779336697,52.182168779699694,1
827,27.27,27.43619999999999,48.57865111186846,51.974439674875946,1
828,27.29,27.431099999999986,49.197659111099014,51.77765928549889,1
829,27.3,27.42639999999999,49.8108160692992,51.59222473107749,1
830,27.31,27.42199999999999,50.44663974291143,51.41796171654079,1
831,27.33,27.41779999999999,51.082384367509995,51.25526099127801,1
832,27.33,27.413999999999984,51.72351767408561,51.103845485047415,1
833,27.35,27.410199999999982,52.36502469129258,50.963820223135954,1
834,27.38,27.406699999999983,53.01229555316229,50.835133082217915,1
835,27.39,27.40359999999998,53.647651952284086,50.717840876416275,1
836,27.41,27.400799999999983,54.28307064915755,50.61188962569116,0
837,27.43,27.39829999999998,54.92991456980898,50.5171053729395,0
838,27.45,27.39609999999998,55.53152768758102,50.43348960464736,0
839,27.46,27.394199999999977,56.16656083918353,50.360422008333934,0
840,27.49,27.39229999999998,56.76259088455089,50.298397109599854,0
841,27.5,27.39079999999998,57.35226195573023,50.24680767544979,0
842,27.53,27.38949999999998,57.95367590434561,50.20564720029255,0
843,27.55,27.388599999999983,58.52097274670699,50.17491914293065,0
844,27.57,27.38789999999998,59.10512175569762,50.15427817768585,0
845,27.59,27.387399999999985,59.65535032247568,50.143726880845946,0
846,27.61,27.387299999999986,60.21675498535714,50.14298759058185,0
847,27.64,27.387399999999992,60.76124927502463,50.15193936744195,0
848,27.66,27.387899999999995,61.28883878993634,50.17053204923865,0
849,27.68,27.388599999999997,61.80473912016156,50.19847853223414,0
850,27.71,27.38959999999999,62.321203167765816,50.23566442895158,0
851,27.73,27.39089999999999,62.81465058786202,50.28186817998114,0
852,27.76,27.392399999999995,63.32504945539604,50.336803355447984,0
853,27.78,27.394299999999994,63.80160930622183,50.400754994522714,0
854,27.79,27.396499999999996,64.2660407224776,50.47315841992618,0
855,27.82,27.398799999999998,64.72585215194658,50.55394750072632,0
856,27.85,27.401499999999995,65.17422008866421,50.64268139780084,0
857,27.87,27.4045,65.62229804093636,50.73952760162268,0
858,27.89,27.407799999999998,66.04745043483389,50.84437263369329,0
859,27.91,27.411299999999997,66.47259344176028,50.95675743978148,0
860,27.93,27.415099999999992,66.88683325367703,51.07662795580195,0
861,27.96,27.419099999999993,67.29007494606934,51.20398870043881,0
862,27.98,27.4235,67.6985254816812,51.338503898957704,0
863,28.01,27.4282,68.0788454111458,51.48028100027889,0
864,28.03,27.433200000000006,68.44188930702988,51.62886803431823,0
865,28.06,27.43850000000001,68.81655161693159,51.784038561788314,0
866,28.07,27.44420000000001,69.17942251917691,51.94596284047324,0
867,28.1,27.450000000000014,69.5313068659795,52.11441040907057,0
868,28.12,27.45620000000001,69.8775377854038,52.28910199433611,0
869,28.15,27.462600000000005,70.21313623151374,52.47009341400242,0
870,28.17,27.469400000000004,70.54756149342418,52.657223078624064,0
871,28.18,27.4765,70.87084562765283,52.85036651893566,0
872,28.2,27.483799999999995,71.1771722530465,53.04946850974562,0
873,28.23,27.491399999999995,71.4901940501195,53.254133229772705,0
874,28.25,27.499299999999995,71.78504530499124,53.46442654477306,0
875,28.28,27.507299999999997,72.08643065051557,53.680164053494266,0
876,28.29,27.515700000000002,72.36997774796211,53.90135841231481,0
877,28.33,27.5244,72.63838327357857,54.12771942779642,0
878,28.35,27.5336,72.91063768490287,54.359206534710935,0
879,28.38,27.542899999999996,73.19529142481642,54.59545896369687,0
880,28.4,27.552599999999998,73.47338081291622,54.83688818532889,0
881,28.42,27.562499999999996,73.72359871701809,55.08314229338693,0
882,28.44,27.5727,73.96836238279636,55.3340004315905,0
883,28.46,27.5832,74.21275557485025,55.58946674706458,0
884,28.48,27.594,74.4565791782238,55.849252729145284,0
885,28.5,27.605100000000004,74.68441569709931,56.1133517800765,0
886,28.52,27.61640000000001,74.93446725627517,56.3817164431776,0
887,28.54,27.628000000000007,75.16173523319085,56.65440066498286,0
888,28.56,27.639800000000005,75.37810185720328,56.93128901567722,0
889,28.58,27.651900000000005,75.58281608745877,57.21204620688377,0
890,28.6,27.6644,75.80502635239071,57.49667084781166,0
891,28.62,27.6771,76.00953552591665,57.7851083889235,0
892,28.63,27.690099999999997,76.21403041182556,58.077240144723426,0
893,28.66,27.703199999999995,76.41408953474627,58.37289338682437,0
894,28.68,27.7166,76.60144853611109,58.67230894666327,0
895,28.7,27.730399999999996,76.78962248654587,58.97496324912159,0
896,28.73,27.74439999999999,76.9725666917816,59.28091984609543,0
897,28.73,27.758699999999994,77.14239269695688,59.59018299142423,0
898,28.76,27.7731,77.31385106975533,59.90267999660451,0
899,28.77,27.787799999999997,77.49557549643923,60.21825451791737,0
900,28.78,27.802599999999998,77.64301821995385,60.53706734955848,0
901,28.8,27.8175,77.80884843622015,60.85871858204019,0
902,28.81,27.8327,77.95648713267435,61.183392982561315,0
903,28.83,27.8481,78.0993227553555,61.51079415283987,0
904,28.84,27.863699999999998,78.24676923672556,61.84076100081945,0
905,28.85,27.8794,78.38897634559471,62.17356585316078,0
906,28.87,27.8953,78.5146886430703,62.5088167361208,0
907,28.88,27.9114,78.66254742870464,62.84657496588389,0
908,28.89,27.9277,78.78762434350655,63.186778382766924,0
909,28.9,27.9441,78.90117784456758,63.529483105997116,0
910,28.92,27.9606,79.00974919698095,63.87446002638795,0
911,28.92,27.9773,79.13960966769609,64.22148932045178,0
912,28.93,27.9941,79.25924288331585,64.57067044227864,0
913,28.94,28.011099999999995,79.36173954936933,64.92218527577865,0
914,28.94,28.0281,79.46942995221183,65.27529280365589,0
915,28.95,28.0452,79.56019899549726,65.62913685437842,0
916,28.95,28.0623,79.66203936594374,65.98314929108116,0
917,28.96,28.0795,79.75344966349459,66.33715777135768,0
918,28.97,28.096699999999995,79.78211744930329,66.69082934229041,0
919,28.96,28.114099999999993,79.79296831866026,67.04291290084983,0
920,28.97,28.131299999999996,79.78798310641561,67.39271723146885,0
921,28.96,28.1486,79.77018320627454,67.73923308410865,0
922,28.95,28.1658,79.7011187258469,68.08182072904968,0
923,28.93,28.182899999999997,79.64922956041039,68.41951310450615,0
924,28.92,28.199699999999993,79.55780826646193,68.75219873402055,0
925,28.89,28.216299999999997,79.45924914137109,69.07891342182447,0
926,28.87,28.232599999999994,79.31031323062284,69.39913316915208,0
927,28.84,28.248599999999993,79.11579331992547,69.71224142352463,0
928,28.8,28.264299999999988,78.87006840616291,70.01761284560521,0
929,28.76,28.279399999999992,78.56203744915607,70.31433693855584,0
930,28.72,28.293999999999997,78.23647426628581,70.60184915235442,0
931,28.68,28.308099999999996,77.86620247048738,70.87974749758816,0
932,28.62,28.32159999999999,77.46064520965088,71.14758567861793,0
933,28.58,28.334499999999988,77.0339814342142,71.40495695397358,0
934,28.53,28.346799999999988,76.58998005006828,71.6516465214028,0
935,28.49,28.358299999999986,76.11759433542812,71.88742336637186,0
936,28.44,28.369299999999985,75.62305215277429,72.1121227902033,0
937,28.4,28.379599999999986,75.11704189886491,72.32552260523947,0
938,28.34,28.389299999999988,74.59353951354956,72.52739387853003,1
939,28.3,28.39819999999999,74.08174824102484,72.71801399678971,1
940,28.27,28.406599999999994,73.54322660770278,72.89716587080812,1
941,28.22,28.414399999999997,72.98630270728307,73.06497222803965,1
942,28.19,28.421599999999994,72.45322901950048,73.2213126355552,1
943,28.14,28.428199999999997,71.90761651301787,73.36630816670673,1
944,28.11,28.434099999999994,71.37402487090965,73.50017460436985,1
945,28.08,28.4395,70.84093790697548,73.62286363552197,1
946,28.05,28.444399999999995,70.30218731121596,73.73471951136696,1
947,28.02,28.448799999999995,69.78038630455032,73.83557383462556,1
948,27.97,28.452600000000004,69.25774708807617,73.92576520492081,1
949,27.94,28.455699999999997,68.73011328267563,74.00545428790221,1
950,27.91,28.458299999999998,68.23088869494946,74.07470802952736,1
951,27.88,28.460300000000004,67.71502010026671,74.13380488479919,1
952,27.86,28.461800000000004,67.22768488502045,74.18280857992323,1
953,27.84,28.462800000000005,66.7343712768512,74.22183493421949,1
954,27.82,28.46340000000001,66.24684014257657,74.25116255392578,1
955,27.8,28.463700000000017,65.7650850052173,74.27097054812678,1
956,27.78,28.463500000000018,65.30039882563116,74.28136287665947,1
957,27.76,28.462800000000016,64.83583389433059,74.28262466402914,1
958,27.74,28.461700000000015,64.38227672854227,74.2747600225631,1
959,27.73,28.460200000000007,63.912251028629115,74.25810828550017,1
960,27.72,28.45840000000001,63.4814008549204,74.23250486136887,1
961,27.7,28.45630000000001,63.02815412787701,74.19845053738129,1
962,27.69,28.453700000000012,62.5861788832315,74.15583132919936,1
963,27.68,28.450800000000008,62.167176987640474,74.10470786321487,1
964,27.66,28.44750000000001,61.74718259976845,74.0455911789798,1
965,27.65,28.443800000000007,61.322453661845024,73.9786441119072,1
966,27.65,28.439700000000006,60.90911882662209,73.90370313235634,1
967,27.64,28.435500000000005,60.506718617268895,73.82100009543079,1
968,27.63,28.430900000000005,60.132606718777204,73.73075421294368,1
969,27.62,28.42600000000001,59.73003954173578,73.63330490227742,1
970,27.61,28.420700000000007,59.36164812799351,73.52847393537964,1
971,27.61,28.41510000000001,58.98766270885618,73.41661480172533,1
972,27.6,28.409400000000016,58.607876728048865,73.29778297253736,1
973,27.6,28.403400000000012,58.25668829358135,73.17209001728739,1
974,27.59,28.39710000000001,57.899507160037544,73.03975495972199,1
975,27.59,28.390500000000007,57.54815331829305,72.90089957827246,1
976,27.58,28.383600000000005,57.190813939374216,72.75551680495023,1
977,27.57,28.376500000000007,56.850640075621,72.60372516686435,1
978,27.57,28.368900000000007,56.5162056856886,72.44584773488478,1
979,27.57,28.36110000000001,56.204495651737254,72.28190341489264,1
980,27.56,28.353000000000012,55.88682385720049,72.11199545716185,1
981,27.56,28.344600000000014,55.55779577448491,71.93612988760471,1
982,27.55,28.33600000000001,55.251507706619215,71.75447185817934,1
983,27.54,28.32710000000001,54.95637808962932,71.56730331141759,1
984,27.55,28.317900000000005,54.66738792461897,71.37473953656539,1
985,27.54,28.308600000000006,54.37221737376516,71.17684762402934,1
986,27.54,28.299000000000007,54.08868854019604,70.97372564079599,1
987,27.53,28.2892,53.821996414444044,70.76526785363521,1
988,27.53,28.279100000000003,53.561036107473974,70.55187046544773,1
989,27.53,28.268800000000006,53.32275227686197,70.33369980795044,1
990,27.52,28.25830000000001,53.10706518493017,70.11109916984446,1
991,27.52,28.24750000000001,52.88583953374677,69.88411955816987,1
992,27.52,28.236500000000014,52.732745427132166,69.65288259824815,1
993,27.51,28.22540000000002,52.692753302070756,69.41806974840124,1
994,27.51,28.21390000000002,52.72671976887491,69.18085638607448,1
995,27.51,28.20220000000002,52.800465052371855,68.94210909840213,1
996,27.51,28.190300000000025,52.91966029587622,68.70221752406037,1
997,27.52,28.178100000000033,53.027508037134,68.46168846010133,1
998,27.52,28.166000000000025,53.1751317109826,68.22053961350309,1
999,27.51,28.153600000000026,53.27693436234242,67.97915241991537,1
1000,27.52,28.141000000000027,53.42469727690125,67.7369660085744,1
1001,27.52,28.128400000000024,53.60618796228635,67.49478279914388,1
1002,27.53,28.115600000000022,53.81617778445141,67.25275619440454,1
1003,27.52,28.10280000000002,54.06562088482195,67.01135310092232,1
1004,27.53,28.089700000000022,54.38331848403602,66.77101608221699,1
1005,27.53,28.07660000000002,54.723596638320224,66.53238157469009,1
1006,27.53,28.06340000000002,55.10336044655028,66.29572777761736,1
1007,27.54,28.050000000000022,55.50059915502888,66.06161449565215,1
1008,27.55,28.03660000000002,55.9145522510372,65.82999501291539,1
1009,27.55,28.023200000000024,56.33404049641796,65.60126429199072,1
1010,27.56,28.009700000000024,56.79332659729952,65.37559291850921,1
1011,27.56,27.996100000000023,57.26371252800364,65.15342869251239,1
1012,27.57,27.982500000000023,57.73443292841433,64.93466972111547,1
1013,27.58,27.968900000000023,58.22746027402994,64.71942162156645,1
1014,27.59,27.95530000000002,58.720851068085416,64.50807882881307,1
1015,27.6,27.941800000000022,59.225307130852265,64.30059303997182,1
1016,27.61,27.928300000000018,59.712731602245285,64.09724412132535,1
1017,27.62,27.914900000000017,60.228519741256584,63.89775104368836,1
1018,27.64,27.901500000000013,60.70463979451623,63.702501744465984,1
1019,27.65,27.888200000000015,61.21467234147432,63.5117269679181,1
1020,27.66,27.875100000000018,61.71899643425075,63.32594400814624,1
1021,27.69,27.862000000000013,62.21269710348666,63.14525414142459,1
1022,27.7,27.849300000000007,62.688409288396294,62.96967928039671,1
1023,27.72,27.836800000000004,63.181807901723374,62.799552186022204,1
1024,27.74,27.824700000000004,63.663473806061354,62.63487796943533,1
1025,27.75,27.8129,64.13392394402499,62.47593462483132,1
1026,27.77,27.801499999999997,64.59318009060233,62.32268137285786,1
1027,27.79,27.790499999999998,65.05226464680527,62.17551004145765,1
1028,27.81,27.779999999999994,65.50015402013037,62.034874754726445,0
1029,27.83,27.770099999999992,65.93685864477781,61.90117561086611,0
1030,27.85,27.76079999999999,66.36209506810528,61.77492382282232,0
1031,27.88,27.752099999999988,66.79311832138352,61.65618003084052,0
1032,27.9,27.744099999999985,67.21847605799137,61.545449189349476,0
1033,27.92,27.73689999999998,67.6325166256093,61.44302749783287,0
1034,27.94,27.730299999999986,68.04639153397828,61.34901284974681,0
1035,27.97,27.72439999999998,68.44377061484631,61.26357696458591,0
1036,27.99,27.71919999999998,68.8293788071131,61.186838727380085,0
1037,28.02,27.714699999999976,69.22126606332588,61.11890199392347,0
1038,28.04,27.710899999999977,69.57875888822377,61.05994423556808,0
1039,28.06,27.707899999999977,69.94721802643946,61.00979642931483,0
1040,28.09,27.705499999999976,70.30486986304076,60.96845112716896,0
1041,28.11,27.70369999999998,70.64523187535521,60.93606755972234,0
1042,28.12,27.70259999999998,70.98524509388983,60.912656851403064,0
1043,28.15,27.701899999999977,71.3151656698398,60.89797701214697,0
1044,28.17,27.70199999999998,71.62727402092173,60.89205250371519,0
1045,28.2,27.70259999999998,71.96215480263973,60.89458499521531,0
1046,28.21,27.703799999999983,72.25677682955413,60.90579716417194,0
1047,28.24,27.705399999999983,72.5637712506955,60.92534305935533,0
1048,28.26,27.707599999999985,72.86476138086107,60.953176908816786,0
1049,28.28,27.71049999999999,73.14279369762029,60.989247051744634,0
1050,28.29,27.713899999999988,73.4321201272431,61.03337385589409,0
1051,28.31,27.71769999999999,73.71581074921082,61.08538617021703,0
1052,28.34,27.721999999999994,73.97179949102143,61.14539407670646,0
1053,28.35,27.726799999999994,74.22668592460217,61.21283522276647,0
1054,28.37,27.731899999999992,74.47705098009527,61.28775836924398,0
1055,28.38,27.737399999999994,74.71497494706522,61.37006047761917,0
1056,28.4,27.74319999999999,74.95894190468442,61.45955937703766,0
1057,28.42,27.74939999999999,75.17505095323668,61.5561448078282,0
1058,28.43,27.75599999999999,75.41316083176818,61.659536978417265,0
1059,28.45,27.76289999999999,75.62889584014783,61.76984581944952,0
1060,28.46,27.77009999999999,75.83877136430075,61.887012267564714,0
1061,28.47,27.77749999999999,76.04846064436741,62.01058597265852,0
1062,28.48,27.78519999999999,76.24724206642753,62.1407890378234,0
1063,28.5,27.793099999999992,76.435138328675,62.27739966965538,0
1064,28.51,27.80129999999999,76.63312766773757,62.42007928306572,0
1065,28.51,27.809799999999996,76.80288534158554,62.56893873374542,0
1066,28.53,27.818399999999997,76.98452714696394,62.723743050542815,0
1067,28.54,27.827199999999998,77.1490450205038,62.884497133746244,0
1068,28.54,27.836199999999995,77.302050434851,63.05092039777859,0
1069,28.55,27.845299999999995,77.4715869682472,63.222614834939314,0
1070,28.56,27.854599999999994,77.61977670643059,63.40003030920443,0
1071,28.56,27.864099999999997,77.7717624325646,63.582611594988805,0
1072,28.58,27.873599999999996,77.91431076727845,63.77045259222589,0
1073,28.57,27.883399999999998,78.03805042168567,63.96351693261818,0
1074,28.57,27.8931,78.14548744139204,64.16133055389922,0
1075,28.58,27.9029,78.2416357154983,64.36379035671276,0
1076,28.58,27.9128,78.31522606193873,64.57072518068482,0
1077,28.58,27.922800000000002,78.37187003332986,64.78196930191046,0
1078,28.58,27.9329,78.42244451031533,64.99718160148755,0
1079,28.57,27.942999999999998,78.43307467498808,65.21624398973383,0
1080,28.56,27.953000000000003,78.42657936657976,65.43852977996633,0
1081,28.55,27.963,78.391674397415,65.66392733506012,0
1082,28.54,27.9729,78.33420057137843,65.89226612128942,0
1083,28.52,27.982799999999997,78.22007464955898,66.12309304993701,0
1084,28.5,27.992599999999996,78.05497369298524,66.3557300155363,0
1085,28.47,28.0021,77.82635364944255,66.58960587321998,0
1086,28.44,28.0114,77.54778692374728,66.82414723597674,0
1087,28.41,28.0204,77.21217836769661,67.05873821981226,0
1088,28.38,28.0292,76.82016874896007,67.2926400393448,0
1089,28.34,28.037700000000005,76.41666449859041,67.52523136575965,0
1090,28.3,28.045800000000007,75.95615327605418,67.75617048797693,0
1091,28.26,28.05360000000001,75.47348330682459,67.98466136888818,0
1092,28.22,28.061000000000014,74.98459589723126,68.21053780661894,0
1093,28.19,28.068000000000005,74.46300136317728,68.43305631131994,0
1094,28.16,28.07480000000001,73.94139502569554,68.650758791931,0
1095,28.12,28.081300000000006,73.39100539944424,68.86290554449921,0
1096,28.08,28.087400000000002,72.85209147774886,69.06881094796994,1
1097,28.05,28.0931,72.31298062033528,69.26813525978866,1
1098,28.02,28.0984,71.75747526425715,69.46098998562067,1
1099,27.97,28.1034,71.21818641265473,69.64681342115342,1
1100,27.94,28.107999999999997,70.69071494030352,69.82622594165655,1
1101,27.92,28.112199999999994,70.15244316345195,69.99888611829057,1
1102,27.89,28.116199999999996,69.61979409918376,70.16434867030222,1
1103,27.86,28.119799999999994,69.10391948778272,70.32238483344955,1
1104,27.84,28.123199999999997,68.58283096025845,70.47276781947916,1
1105,27.82,28.126299999999997,68.0786732671403,70.61476294424138,1
1106,27.8,28.1292,67.56318163168838,70.74831371052959,1
1107,27.79,28.1319,67.05391154961836,70.87291192238096,1
1108,27.77,28.1344,66.57225990677628,70.98844504632685,1
1109,27.76,28.136599999999994,66.07404627779498,71.09502212288425,1
1110,27.75,28.1387,65.5872487092779,71.19242218069803,1
1111,27.73,28.1406,65.10548711286273,71.28036140181781,1
1112,27.73,28.142299999999995,64.63045242782309,71.3587791476664,1
1113,27.71,28.1439,64.1600757072868,71.4277393426605,1
1114,27.71,28.1452,63.70728985039622,71.48706549699307,1
1115,27.7,28.146400000000003,63.254463284065366,71.53692988481619,1
1116,27.7,28.1474,62.81842352813757,71.57722144634832,1
1117,27.68,28.1483,62.353684145722895,71.60827836560723,1
1118,27.68,28.148899999999998,61.92912788610028,71.6295300096519,1
1119,27.66,28.149299999999993,61.498384165893604,71.64177489056775,1
1120,27.65,28.149399999999993,61.084717717885475,71.64461200881192,1
1121,27.66,28.14929999999999,60.67180638797336,71.63826922164827,1
1122,27.65,28.14899999999999,60.241073359383826,71.62286031449314,1
1123,27.65,28.14849999999999,59.827504155776694,71.59838695520301,1
1124,27.65,28.147799999999993,59.42543614077845,71.56484391774353,1
1125,27.64,28.14689999999999,59.011577533706216,71.52246354109072,1
1126,27.63,28.14579999999999,58.63166477417118,71.47124007698753,1
1127,27.62,28.14439999999999,58.22937099592236,71.41162492382323,1
1128,27.63,28.14269999999999,57.84989475535397,71.3433959873144,1
1129,27.61,28.14089999999999,57.469602274638476,71.26689339466662,1
1130,27.6,28.138699999999993,57.106764101192724,71.18222083096524,1
1131,27.61,28.136199999999995,56.73283976141551,71.08966752129611,1
1132,27.6,28.133499999999994,56.381177499387164,70.98906473569645,1
1133,27.6,28.130499999999994,56.01842092885658,70.8806917501104,1
1134,27.59,28.127299999999988,55.678046840468106,70.76455079314286,1
1135,27.58,28.12379999999999,55.33764317272891,70.64086734620776,1
1136,27.58,28.119899999999987,55.01439281732937,70.50980607178658,1
1137,27.57,28.115799999999986,54.69071385376578,70.37165621188875,1
1138,27.57,28.111299999999986,54.37316844194865,70.22635068979315,1
1139,27.56,28.10659999999999,54.066779672391895,70.0742947853304,1
1140,27.56,28.101599999999994,53.76037009568089,69.91549040178992,1
1141,27.54,28.096299999999992,53.482081394580376,69.75004540411632,1
1142,27.54,28.09059999999999,53.19272769888228,69.57841389930857,1
1143,27.54,28.084799999999994,52.90328104617034,69.40048872535851,1
1144,27.53,28.078699999999998,52.62523257580212,69.2163698791218,1
1145,27.52,28.0723,52.36965872078282,69.02634946467062,1
1146,27.53,28.065500000000007,52.103121047696504,68.83042450385204,1
1147,27.51,28.05870000000001,51.85299972080398,68.62888794603347,1
1148,27.52,28.05140000000001,51.626151319863,68.42178023073457,1
1149,27.52,28.04400000000001,51.37651909023888,68.20939413012458,1
1150,27.5,28.03640000000001,51.149140970914246,67.99173138405077,1
1151,27.51,28.02850000000001,50.92229705739963,67.76890159248748,1
1152,27.51,28.020500000000016,50.72919593483966,67.54096645556938,1
1153,27.5,28.01220000000002,50.592796778986624,67.30854042000755,1
1154,27.5,28.003700000000023,50.55868112058034,67.07220152855137,1
1155,27.5,27.995000000000022,50.61550145465948,66.83301782995623,1
1156,27.5,27.98620000000002,50.71199463180941,66.59202309503216,1
1157,27.49,27.97720000000002,50.82539277644395,66.34955362230343,1
1158,27.49,27.967900000000018,50.96722251224125,66.1060570405355,1
1159,27.5,27.95850000000001,51.09800130074263,65.86159765734023,1
1160,27.49,27.94900000000001,51.27374620142089,65.61628871194617,1
1161,27.5,27.939300000000006,51.46107897778204,65.37063846031737,1
1162,27.5,27.929600000000008,51.693863347205415,65.12476464365152,1
1163,27.5,27.919800000000006,51.96615628436387,64.8792308564593,1
1164,27.5,27.909800000000004,52.26692713271967,64.63454103601619,1
1165,27.51,27.899700000000003,52.61879541932784,64.390879030666,1
1166,27.51,27.8897,53.02161906323941,64.14903813144342,1
1167,27.52,27.879500000000007,53.41887665824392,63.90940905060618,1
1168,27.52,27.869300000000006,53.838708695571256,63.672107366983575,1
1169,27.52,27.85910000000001,54.29236173770053,63.437473949590775,1
1170,27.53,27.84880000000001,54.76328421383662,63.20568169728531,1
1171,27.53,27.838500000000007,55.22824577027966,62.97711677235938,1
1172,27.54,27.82820000000001,55.715995820219405,62.75168160573652,1
