21,-2,-2
45,-2,-2
466,-2,-2
481,-2,-2
498,-2,-2
515,-2,-2
532,-2,-2
549,-1.965728,-2.000464
568,-1.864048,-2.002213
583,-1.764101,-2.005466
599,-1.663914,-2.010307
616,-1.562499,-2.016927
633,-1.460559,-2.025404
650,-1.360273,-2.035598
667,-1.259305,-2.047786
684,-1.160261,-2.061658
701,-1.059968,-2.07767
718,-0.9597827,-2.095642
734,-0.8609428,-2.115297
751,-0.7632317,-2.136588
768,-0.66592,-2.159623
784,-0.5690253,-2.184363
802,-0.468704,-2.211862
819,-0.3703399,-2.240676
835,-0.274873,-2.270445
852,-0.1792144,-2.302103
869,-0.08316918,-2.335812
886,0.01788029,-2.340539
903,0.1077947,-2.31048
920,0.1686215,-2.237468
936,0.2090032,-2.145984
953,0.2517041,-2.053459
970,0.2943713,-1.961699
987,0.3359456,-1.870016
1004,0.3766023,-1.775552
1021,0.4140864,-1.680903
1038,0.4480301,-1.58684
1054,0.4788578,-1.49171
1071,0.5063927,-1.395384
1088,0.5306627,-1.296576
1105,0.5503741,-1.197931
1122,0.5656726,-1.099108
1138,0.5766463,-0.9997092
1155,0.583527,-0.8976271
1172,0.5862939,-0.7960919
1189,0.5863567,-0.6960942
1206,0.5852209,-0.5961004
1223,0.5838353,-0.4907051
1240,0.582521,-0.3907327
1257,0.6012549,-0.2906925
1273,0.6221674,-0.1929108
1291,0.645391,-0.09319975
1307,0.6693102,0.00389643
1324,0.6941665,0.1007588
1341,0.719917,0.197388
1357,0.7459175,0.2945876
1374,0.7678746,0.3939664
1391,0.7706124,0.4939411
1407,0.7742843,0.5938643
1424,0.7787907,0.6937665
1441,0.7839741,0.7936323
1458,0.7897054,0.8934699
1474,0.7958971,0.99328
1491,0.8026212,1.095037
1508,0.8096967,1.196468
1525,0.8169971,1.296196
1542,0.8246418,1.395929
1559,0.8329957,1.497437
1575,0.8480947,1.596289
1592,0.8687167,1.697165
1609,0.8927643,1.795963
1626,0.9192168,1.892393
1643,0.9481257,1.988147
1659,0.9791907,2.083175
1677,1.014061,2.182323
1694,1.050129,2.278273
1711,1.087052,2.371321
1727,1.126289,2.464528
1744,1.167406,2.557937
1761,1.20976,2.650226
1778,1.253643,2.742125
1795,1.298012,2.831746
1812,1.345012,2.923685
1829,1.392295,3.013689
1846,1.43964,3.101771
1862,1.487718,3.189453
1879,1.536968,3.277659
1898,1.592081,3.374709
1915,1.642069,3.461323
1931,1.692637,3.547591
1948,1.745106,3.635731
1965,1.796837,3.721311
1982,1.849145,3.80654
1998,1.902519,3.892203
2015,1.956902,3.978185
2032,2.012214,4.064342
2049,2.067076,4.147948
2066,2.124993,4.234133
2083,2.181781,4.316454
2100,2.239583,4.398775
2117,2.298012,4.479925
2133,2.357665,4.561266
2150,2.418567,4.642811
2167,2.480341,4.724011
2184,2.542263,4.803923
2201,2.605904,4.884565
2218,2.669717,4.963947
2235,2.734149,5.042638
2252,2.799309,5.120772
2269,2.865161,5.198309
2286,2.930579,5.273943
2303,2.996677,5.348989
2320,3.065214,5.425427
2336,3.1326,5.499345
2353,3.201391,5.573658
2370,3.269826,5.646574
2386,3.338704,5.719072
2403,3.408445,5.79173
2420,3.479175,5.864779
2437,3.550154,5.937563
2454,3.620956,6.009743
2471,3.691956,6.081798
2488,3.764156,6.155072
2505,3.83433,6.226289
2522,3.905447,6.298463
2538,3.976146,6.370214
2555,4.047633,6.442764
2572,4.119405,6.515603
2589,4.190789,6.588049
2606,4.262187,6.660508
2623,4.333542,6.732924
2640,4.40373,6.804156
2657,4.473918,6.875388
2674,4.545506,6.94804
2691,4.616851,7.020446
2707,4.687088,7.091728
2724,4.757267,7.16295
2741,4.827453,7.23418
2757,4.896701,7.306825
2774,4.962411,7.382204
2791,5.022163,7.462394
2807,5.076806,7.546145
2824,5.13145,7.629898
2841,5.186091,7.713647
2857,5.240736,7.797402
2874,5.295378,7.881153
2891,5.350022,7.964907
2907,5.404675,8.048674
2924,5.459538,8.132764
2941,5.515609,8.218703
2958,5.570498,8.302834
2975,5.625142,8.386585
2992,5.681312,8.472677
3008,5.735959,8.556436
3028,5.790597,8.640182
3042,5.845252,8.723951
3059,5.901535,8.810216
3076,5.956917,8.895102
3092,6.011719,8.979096
3109,6.066909,9.064091
3126,6.121091,9.148158
3143,6.174914,9.232455
3159,6.228304,9.316983
3176,6.281279,9.40184
3193,6.33375,9.486932
3209,6.386035,9.572804
3226,6.438409,9.659948
3243,6.490652,9.748015
3260,6.541174,9.834326
3277,6.59259,9.923349
3294,6.642095,10.01023
3311,6.691102,10.09741
3327,6.73961,10.18485
3344,6.787734,10.27253
3361,6.8373,10.36359
3378,6.884867,10.45156
3394,6.932228,10.53963
3411,6.980232,10.62933
3428,7.027813,10.71863
3445,7.07574,10.80858
3462,7.12358,10.89836
3479,7.170595,10.9866
3496,7.217619,11.07486
3512,7.264645,11.16311
3529,7.311912,11.25182
3546,7.358938,11.34008
3562,7.405962,11.42833
3579,7.45322,11.51703
3596,7.501047,11.60679
3613,7.54807,11.69504
3629,7.595094,11.78329
3646,7.642294,11.87188
3663,7.689798,11.96185
3680,7.737558,12.05355
3697,7.783882,12.14423
3714,7.829318,12.23518
3731,7.873335,12.32615
3748,7.914749,12.41718
3765,7.954653,12.51077
3781,7.991723,12.6039
3798,8.026424,12.69768
3815,8.058813,12.79229
3831,8.088861,12.88768
3848,8.116788,12.9846
3865,8.142661,13.08352
3882,8.165871,13.1821
3899,8.186568,13.27993
3916,8.205934,13.38198
3933,8.222606,13.48058
3949,8.237367,13.57949
3967,8.250645,13.68164
3984,8.261957,13.78287
4000,8.271419,13.88242
4017,8.279657,13.9855
4034,8.286333,14.08552
4051,8.293202,14.18845
4068,8.299975,14.28994
4085,8.306634,14.38972
4102,8.313293,14.48949
4118,8.319951,14.58928
4135,8.326667,14.6899
4152,8.333449,14.79153
4169,8.340106,14.89129
4185,8.346766,14.99107
4202,8.353426,15.09087
4219,8.359756,15.19216
4236,8.365659,15.29534
4253,8.370674,15.39558
4270,8.374867,15.49755
4287,8.37794,15.5975
4303,8.379798,15.69748
4320,8.380374,15.79854
4337,8.379592,15.90077
4354,8.377464,16.00075
4371,8.373955,16.10069
4387,8.368999,16.20166
4404,8.36266,16.30222
4421,8.354762,16.40461
4438,8.345675,16.50419
4455,8.335191,16.60364
4472,8.322912,16.7063
4488,8.309644,16.80541
4505,8.294851,16.90526
4522,8.278574,17.00563
4539,8.261068,17.10549
4556,8.24228,17.20592
4573,8.22286,17.30402
4589,8.202458,17.40191
4607,8.18026,17.50396
4624,8.158278,17.60152
4640,8.135684,17.69893
4657,8.112206,17.79773
4674,8.088615,17.89491
4691,8.064486,17.99243
4708,8.039468,18.09175
4724,8.014657,18.18863
4741,7.98947,18.2854
4758,7.963906,18.38209
4774,7.937973,18.47866
4791,7.911674,18.57515
4808,7.885016,18.67153
4824,7.857996,18.76781
4841,7.830389,18.86477
4858,7.802645,18.96086
4875,7.774545,19.05683
4891,7.746084,19.15269
4908,7.717261,19.24845
4925,7.688054,19.34419
4941,7.658516,19.43973
4958,7.628621,19.53516
4976,7.596817,19.63535
4992,7.565569,19.73253
5009,7.534594,19.82764
5026,7.503276,19.92259
5043,7.471591,20.01746
5059,7.439261,20.11306
5076,7.406297,20.20934
5093,7.372991,20.30545
5110,7.339303,20.40149
5127,7.305851,20.49573
5144,7.270509,20.59412
5161,7.236354,20.6881
5178,7.201843,20.78196
5194,7.171427,20.87722
5212,7.142612,20.97672
5228,7.116238,21.07454
5245,7.090443,21.17356
5262,7.066721,21.27246
5280,7.042876,21.37348
5297,7.020111,21.47258
5313,6.998009,21.57049
5330,6.976418,21.66813
5347,6.954829,21.76577
5363,6.933239,21.86342
5380,6.911497,21.96175
5397,6.889408,22.06165
5414,6.867817,22.1593
5431,6.846521,22.2572
5447,6.825222,22.35512
5464,6.803968,22.45284
5481,6.781969,22.55398
5499,6.760245,22.65385
5515,6.738726,22.75278
5532,6.717303,22.85127
5549,6.695706,22.95056
5565,6.674452,23.04827
5582,6.65295,23.14713
5599,6.631166,23.24473
5616,6.605829,23.34513
5633,6.576122,23.44299
5650,6.542689,23.5384
5667,6.507454,23.63198
5683,6.472219,23.72557
5700,6.436961,23.81973
5717,6.401602,23.91468
5734,6.366887,24.00846
5750,6.332352,24.10231
5767,6.297619,24.19727
5784,6.26296,24.29263
5801,6.228241,24.38877
5818,6.193919,24.48443
5835,6.159743,24.58031
5852,6.125749,24.6763
5869,6.09256,24.77063
5885,6.059566,24.86503
5902,6.026776,24.9595
5919,5.994246,25.05406
5935,5.962044,25.14874
5952,5.925582,25.24408
5969,5.885295,25.33704
5986,5.842561,25.42745
6003,5.797168,25.51656
6019,5.751337,25.60544
6036,5.705256,25.69472
6053,5.658623,25.78579
6070,5.612912,25.87718
6087,5.567198,25.96612
6104,5.516228,26.05332
6121,5.44385,26.12505
6137,5.369375,26.19178
6154,5.290758,26.25368
6171,5.206034,26.30682
6187,5.119165,26.35314
6204,5.028509,26.39222
6221,4.926151,26.39831
6238,4.824519,26.3975
6255,4.722658,26.39713
6272,4.622654,26.3971
6289,4.51978,26.39736
6306,4.418584,26.39788
6323,4.316295,26.39862
6340,4.216284,26.39953
6356,4.116289,26.40062
6373,4.016294,26.40171
6389,3.916299,26.4028
6407,3.814087,26.41041
6424,3.71917,26.45001
6441,3.63962,26.51061
6457,3.588281,26.58464
6474,3.540528,26.66699
6491,3.499767,26.75764
6507,3.471038,26.85342
6524,3.449598,26.9511
6541,3.434602,27.05296
6558,3.428016,27.15445
6575,3.427587,27.25657
6592,3.432355,27.35763
6609,3.441333,27.45722
6626,3.452868,27.55655
6642,3.422483,27.63146
6659,3.393469,27.71739
6677,3.384505,27.81545
6693,3.392986,27.91686
6710,3.39623,28.01842
6727,3.395483,28.11971
6744,3.386937,28.22101
6761,3.371522,28.31982
6778,3.348687,28.41719
6794,3.31961,28.51284
6811,3.285926,28.60635
6827,3.249134,28.69825
6844,3.210392,28.78929
6861,3.169308,28.88217
6878,3.127613,28.97423
6895,3.085766,29.06548
6912,3.044173,29.15836
6929,3.003849,29.25307
6946,2.968989,29.34859
6963,2.94168,29.44479
6980,2.917297,29.54178
6997,2.89398,29.64357
7014,2.87305,29.74135
7030,2.852974,29.83932
7047,2.833522,29.93823
7064,2.814074,30.03823
7081,2.795195,30.13642
7097,2.776522,30.23466
7114,2.757526,30.33371
7131,2.738467,30.4333
7148,2.719771,30.53154
7164,2.701312,30.62982
7181,2.682636,30.72867
7198,2.664009,30.82878
7215,2.645644,30.92909
7232,2.627568,31.02945
7249,2.610119,31.12802
7266,2.592727,31.22802
7283,2.575786,31.32719
7299,2.559254,31.42581
7316,2.543004,31.52464
7333,2.526814,31.62507
7349,2.511206,31.72384
7366,2.495906,31.82267
7383,2.480805,31.92152
7400,2.465289,32.02525
7417,2.450804,32.1242
7434,2.436217,32.22606
7451,2.422094,32.32692
7468,2.408537,32.42599
7484,2.395288,32.52511
7501,2.382234,32.62515
7518,2.369379,32.72612
7535,2.356738,32.82794
7552,2.34452,32.92892
7569,2.332686,33.02937
7586,2.321792,33.12875
7603,2.311649,33.22858
7619,2.303285,33.32824
7636,2.298239,33.42989
7653,2.296258,33.53075
7670,2.297213,33.6308
7686,2.302354,33.73067
7703,2.309616,33.83196
7720,2.318201,33.93157
7737,2.327922,34.0311
7753,2.338476,34.13055
7770,2.35008,34.23245
7787,2.362182,34.33545
7804,2.374205,34.43473
7821,2.387087,34.53548
7838,2.400123,34.63463
7855,2.413538,34.73373
7871,2.427538,34.83372
7888,2.441932,34.93269
7905,2.45696,35.03156
7921,2.472706,35.13031
7938,2.48923,35.22894
7955,2.506719,35.32814
7971,2.525248,35.4264
7988,2.545032,35.52639
8005,2.565324,35.62431
8022,2.586511,35.72204
8039,2.609552,35.82383
8056,2.632875,35.92259
8073,2.657181,36.02142
8090,2.681963,36.11829
8106,2.707642,36.21494
8123,2.732745,36.31229
8140,2.756886,36.41135
8157,2.779509,36.51014
8174,2.798794,36.60824
8191,2.815793,36.70813
8207,2.830246,36.80795
8224,2.842381,36.90721
8241,2.852919,37.00916
8258,2.858678,37.11072
8275,2.861886,37.21067
8292,2.863507,37.31331
8309,2.863854,37.41331
8326,2.863534,37.51746
8343,2.863037,37.61848
8360,2.862327,37.71848
8377,2.861615,37.8185
8393,2.860784,37.9196
8410,2.860174,38.02186
8427,2.859793,38.12184
8444,2.85947,38.22187
8460,2.859355,38.32204
8477,2.85944,38.42206
8494,2.860271,38.52276
8510,2.861702,38.62294
8527,2.863805,38.72289
8544,2.866465,38.82288
8560,2.869587,38.92281
8577,2.87294,39.02367
8594,2.876991,39.12444
8611,2.881209,39.22438
8627,2.885625,39.32425
8644,2.890295,39.4253
8661,2.895411,39.52707
8678,2.900692,39.62807
8695,2.906112,39.72792
8711,2.911733,39.82777
8728,2.917553,39.9276
8745,2.923735,40.0301
8762,2.930043,40.13132
8779,2.936619,40.23355
8796,2.943347,40.33496
8813,2.950276,40.43635
8829,2.957295,40.5361
8846,2.964513,40.63584
8863,2.971931,40.73557
8880,2.979548,40.83528
8896,2.987379,40.93515
8913,2.995365,41.03654
8930,3.0034,41.13795
8947,3.011065,41.23765
8964,3.01814,41.33741
8980,3.024596,41.4372
8997,3.030838,41.537
9014,3.036707,41.63796
9030,3.042026,41.73754
9047,3.047044,41.83983
9064,3.051821,41.93898
9081,3.0566,42.03786
9098,3.061155,42.13913
9115,3.065445,42.23844
9132,3.069433,42.33641
9149,3.073276,42.43704
9165,3.076696,42.53511
9182,3.080295,42.63345
9199,3.083994,42.73191
9216,3.087723,42.83162
9232,3.091749,42.93007
9249,3.095935,43.02871
9266,3.100413,43.12995
9284,3.105349,43.23331
9300,3.110495,43.33371
9317,3.115925,43.43285
9334,3.121679,43.53157
9350,3.127812,43.63027
9367,3.134382,43.72895
9384,3.141278,43.82744
9400,3.148743,43.9261
9417,3.15738,44.02575
9434,3.169364,44.12603
9451,3.185108,44.22639
9468,3.206594,44.32578
9485,3.234893,44.42331
9502,3.269057,44.51906
9519,3.31187,44.60944
9536,3.361009,44.69839
9553,3.415837,44.78429
9569,3.476043,44.86596
9586,3.541483,44.94198
9603,3.61249,45.0153
9620,3.687109,45.08338
9637,3.764702,45.14646
9653,3.845486,45.20541
9670,3.931458,45.26216
9687,4.017479,45.31315
9704,4.105801,45.36005
9720,4.195345,45.40457
9737,4.284755,45.44995
9754,4.372335,45.49822
9771,4.45928,45.55063
9788,4.545992,45.60717
9805,4.627584,45.66317
9822,4.709702,45.72438
9839,4.749923,45.79896
9855,4.763835,45.89799
9872,4.771254,45.99944
9890,4.777394,46.10367
9906,4.780819,46.2042
9923,4.780754,46.30419
9940,4.776326,46.40409
9956,4.767539,46.50377
9973,4.754193,46.60462
9990,4.736697,46.70346
10007,4.749732,46.80262
10023,4.766783,46.90115
10040,4.805487,46.99336
10057,4.863037,47.06861
10074,4.949897,47.11816
10090,5.03746,47.16647
10107,5.126882,47.2131
10124,5.213452,47.26316
10141,5.297758,47.31695
10157,5.381024,47.37534
10174,5.463716,47.43272
10191,5.550212,47.48756
10208,5.638576,47.53775
10225,5.729387,47.5849
10242,5.82273,47.62423
10259,5.916173,47.65987
10276,6.010543,47.69312
10292,6.105734,47.72395
10309,6.203501,47.75357
10326,6.299609,47.7812
10343,6.399118,47.80908
10360,6.495514,47.83549
10377,6.591959,47.86203
10393,6.688622,47.88754
10410,6.784764,47.91514
10426,6.879826,47.94611
10444,6.977735,47.98129
10460,7.06847,48.01537
10477,7.073191,48.05143
10494,7.058039,48.06115
10511,7.005379,48.0694
10528,6.944565,48.07353
10545,6.843907,48.07204
10562,6.74228,48.0653
10579,6.642957,48.05372
10595,6.544269,48.03758
10612,6.446428,48.0169
10629,6.344893,47.99535
10646,6.243752,48.00684
10663,6.142681,48.02028
10680,6.044376,48.03852
10697,5.947409,48.0637
10713,5.853059,48.09684
10730,5.775271,48.14655
10747,5.694955,48.20031
10764,5.612855,48.26064
10780,5.532337,48.31995
10797,5.451822,48.37967
10814,5.370425,48.44067
10831,5.2913,48.50182
10847,5.212538,48.56343
10864,5.132857,48.62619
10881,5.051205,48.68695
10898,4.966859,48.74403
10915,4.880399,48.79727
10932,4.791855,48.8483
10949,4.703492,48.89557
10966,4.610539,48.93913
10983,4.517435,48.97562
10999,4.420938,49.00581
11016,4.323623,49.02998
11033,4.224831,49.04949
11050,4.126549,49.06468
11067,4.026461,49.07877
11084,3.926126,49.09244
11101,3.825888,49.10744
11118,3.72847,49.12449
11134,3.631993,49.1454
11151,3.536299,49.17037
11168,3.438462,49.20052
11185,3.345097,49.23363
11202,3.251748,49.27101
11219,3.157718,49.31268
11236,3.067788,49.3558
11252,2.978538,49.4013
11269,2.889768,49.44854
11286,2.802273,49.497
11303,2.714725,49.54689
11320,2.628659,49.59669
11336,2.542635,49.6462
11353,2.456184,49.69654
11370,2.370147,49.74419
11387,2.28409,49.79126
11404,2.196765,49.83808
11420,2.107735,49.88325
11437,2.015605,49.92486
11454,1.92185,49.96367
11471,1.826948,50.00145
11488,1.733903,50.03804
11505,1.640229,50.07502
11521,1.547648,50.11441
11538,1.456798,50.15965
11555,1.384279,50.22838
11572,1.317222,50.30257
11588,1.259405,50.38428
11605,1.222704,50.47914
11622,1.195515,50.57574
11639,1.181771,50.67636
11656,1.177591,50.77628
11672,1.183919,50.87608
11689,1.196774,50.9791
11706,1.214081,51.07758
11723,1.235093,51.176
11740,1.258661,51.27319
11756,1.284305,51.36983
11773,1.311889,51.4672
11790,1.340308,51.56308
11807,1.369959,51.65888
11823,1.400268,51.75418
11840,1.431625,51.84914
11857,1.463721,51.94385
11873,1.495516,52.03866
11890,1.527149,52.13353
11907,1.55803,52.23201
11924,1.58631,52.32793
11940,1.612235,52.42451
11957,1.636317,52.52281
11974,1.656001,52.62216
11991,1.674756,52.72199
12008,1.690862,52.82253
12025,1.703856,52.92168
12042,1.714861,53.02434
12059,1.720358,53.12418
12076,1.722605,53.22482
12092,1.721694,53.32544
12109,1.718259,53.42441
12126,1.713102,53.52362
12143,1.706456,53.6228
12159,1.698952,53.7226
12176,1.691244,53.82347
12193,1.683868,53.9228
12210,1.67709,54.02223
12226,1.67095,54.12167
12243,1.665233,54.22126
12260,1.659875,54.32185
12276,1.654992,54.4215
12293,1.650634,54.52114
12310,1.647157,54.62061
12327,1.644514,54.72097
12343,1.642767,54.82101
12360,1.642076,54.92256
12377,1.64246,55.02219
12394,1.643752,55.12203
12410,1.646115,55.22222
12427,1.649533,55.32198
12444,1.654212,55.42612
12461,1.660189,55.52772
12478,1.667181,55.6283
12495,1.675463,55.72796
12511,1.684895,55.82752
12528,1.69561,55.92694
12545,1.707253,56.02758
12562,1.717653,56.12692
12579,1.726424,56.2268
12595,1.733439,56.32553
12612,1.737807,56.42453
12629,1.74028,56.52791
12646,1.741825,56.62878
12663,1.742457,56.72814
12680,1.74261,56.82703
12696,1.742229,56.92569
12713,1.740921,57.02482
12729,1.739138,57.12304
12746,1.736944,57.22144
12763,1.734527,57.32121
12780,1.73175,57.4202
12797,1.728995,57.51837
12813,1.726017,57.61643
12830,1.723034,57.71467
12847,1.719756,57.81446
12864,1.716538,57.91244
12880,1.713321,58.01038
12897,1.710103,58.10833
12914,1.706886,58.20627
12931,1.703307,58.30783
12948,1.699734,58.40924
12965,1.696229,58.50874
12982,1.692765,58.60704
12999,1.689252,58.70676
13016,1.685805,58.80458
13032,1.682344,58.90282
13049,1.678897,59.00065
13066,1.67545,59.09848
13082,1.672003,59.19632
13100,1.668424,59.29787
13116,1.664975,59.39576
13133,1.662584,59.49514
13150,1.662991,59.59594
13167,1.668993,59.69586
13183,1.682618,59.79479
13200,1.705924,59.89206
13217,1.749776,59.96769
13234,1.823479,60.0042
13251,1.915284,60.01807
13268,2.016613,59.99901
13285,2.098754,59.95904
13302,2.181286,59.91043
13318,2.25892,59.84709
13335,2.33344,59.77823
13352,2.402581,59.70361
13369,2.465389,59.62407
13386,2.521643,59.54142
13402,2.571599,59.45474
13419,2.619188,59.3657
13436,2.665323,59.27494
13453,2.710408,59.18392
13470,2.755618,59.09266
13487,2.800007,59.00306
13504,2.84472,58.91239
13520,2.888791,58.82262
13537,2.93598,58.73278
13554,2.987422,58.64704
13571,3.046665,58.56513
13587,3.125017,58.50299
13604,3.206673,58.44526
13621,3.291761,58.39273
13637,3.380408,58.34645
13654,3.472477,58.30741
13671,3.57031,58.27991
13687,3.668015,58.25862
13704,3.766848,58.24337
13721,3.867866,58.23328
13738,3.96922,58.22674
13755,4.069356,58.22328
13772,4.170459,58.22212
13788,4.271164,58.22241
13805,4.372738,58.22367
13822,4.474431,58.22687
13839,4.574879,58.23462
13856,4.677682,58.24814
13873,4.777208,58.26722
13890,4.875993,58.29317
13907,4.972614,58.3255
13924,5.066309,58.36253
13941,5.159272,58.40314
13958,5.25098,58.443
13974,5.343119,58.48287
13991,5.436335,58.523
14008,5.52983,58.56325
14025,5.621683,58.60279
14042,5.71353,58.64233
14058,5.802364,58.68827
14075,5.889427,58.73954
14092,5.974378,58.79413
14108,6.057067,58.85038
14125,6.139495,58.90876
14142,6.221776,58.96882
14159,6.302482,59.02882
14176,6.383366,59.08966
14193,6.463101,59.15005
14209,6.542154,59.21135
14227,6.620125,59.27718
14243,6.693556,59.34746
14260,6.76242,59.42183
14277,6.826785,59.49835
14294,6.889654,59.57857
14311,6.952102,59.66237
14328,7.010609,59.74353
14345,7.068245,59.82525
14361,7.125385,59.90731
14378,7.182306,59.98954
14395,7.239078,60.07186
14411,7.296335,60.15435
14428,7.353949,60.23732
14445,7.411323,60.31967
14462,7.468732,60.40372
14479,7.52336,60.48747
14496,7.574766,60.5742
14512,7.618948,60.66224
14529,7.638824,60.7511
14546,7.657061,60.84376
14563,7.676295,60.93734
14579,7.698401,61.03101
14596,7.722814,61.12524
14613,7.750526,61.22001
14629,7.781315,61.31326
14647,7.816059,61.40714
14663,7.853911,61.49827
14680,7.895867,61.58804
14697,7.94156,61.67614
14713,7.991096,61.7624
14730,8.046973,61.84897
14747,8.106658,61.93135
14764,8.167974,62.01108
14781,8.228785,62.09227
14798,8.281585,62.17719
14815,8.314545,62.27378
14831,8.347054,62.36833
14848,8.379568,62.4629
14865,8.411814,62.55756
14882,8.44383,62.65548
14899,8.4739,62.75233
14915,8.5012,62.84853
14932,8.525868,62.94558
14949,8.572138,63.03619
14966,8.617205,63.12546
14983,8.671361,63.21214
15000,8.739676,63.28522
15016,8.809603,63.3567
15033,8.885743,63.42607
15050,8.968623,63.47358
15067,9.058605,63.51793
15084,9.148413,63.56192
15100,9.239058,63.60415
15117,9.331268,63.64285
15134,9.428129,63.67884
15151,9.524759,63.7106
15168,9.621927,63.73725
15185,9.71836,63.76369
15201,9.815074,63.79116
15218,9.912591,63.81967
15235,10.00988,63.8488
15252,10.10664,63.87835
15269,10.20371,63.90846
15286,10.29911,63.93843
15302,10.39517,63.96894
15319,10.49203,64.00001
15336,10.58897,64.03137
15353,10.67676,64.08308
15370,10.76181,64.13804
15387,10.8398,64.20303
15404,10.91226,64.27194
15421,10.98207,64.34519
15437,11.04861,64.41985
15454,11.11436,64.49709
15471,11.17799,64.57422
15487,11.24083,64.65201
15505,11.30619,64.73431
15522,11.36786,64.81304
15538,11.42904,64.89214
15555,11.49105,64.97271
15572,11.55326,65.05343
15589,11.61503,65.13287
15606,11.67839,65.21216
15623,11.74174,65.29003
15639,11.80533,65.36721
15656,11.86981,65.44365
15673,11.93458,65.51984
15690,12.00099,65.59723
15706,12.06629,65.67296
15723,12.13203,65.74831
15740,12.19891,65.82533
15757,12.26459,65.90074
15773,12.3302,65.9762
15791,12.39821,66.0548
15807,12.46346,66.13057
15824,12.52923,66.2073
15841,12.59536,66.28428
15858,12.66128,66.36137
15875,12.72655,66.43804
15892,12.79288,66.5163
15909,12.85736,66.59274
15926,12.92291,66.67078
15943,12.98763,66.74855
15960,13.05368,66.83005
15977,13.11586,66.90836
15994,13.17756,66.98706
16010,13.23919,67.06693
16027,13.29962,67.14733
16044,13.35939,67.22959
16061,13.41896,67.31442
16078,13.47464,67.39725
16095,13.52907,67.48033
16111,13.58211,67.56486
16128,13.6345,67.6498
16145,13.68657,67.73718
16162,13.73694,67.82356
16178,13.78667,67.91033
16195,13.83603,67.9973
16212,13.88523,68.08436
16228,13.93434,68.17187
16245,13.9837,68.25981
16262,14.03475,68.34652
16278,14.08807,68.43113
16295,14.14413,68.51393
16312,14.20331,68.59454
16328,14.26594,68.6725
16345,14.33186,68.74847
16362,14.40193,68.81982
16379,14.47402,68.88911
16395,14.54795,68.95757
16412,14.6224,69.0248
16429,14.69843,69.09248
16446,14.77503,69.15933
16463,14.85243,69.22536
16480,14.9291,69.28982
16496,15.00651,69.3538
16513,15.08407,69.4169
16530,15.16349,69.48073
16547,15.2431,69.5433
16564,15.32395,69.60567
16581,15.40384,69.66611
16598,15.48549,69.72684
16614,15.56625,69.7858
16631,15.64694,69.84489
16647,15.72763,69.90395
16664,15.80797,69.9635
16681,15.88946,70.0224
16698,15.97279,70.07893
16714,16.05637,70.13165
16731,16.14127,70.17877
16748,16.22293,70.22646
16765,16.3014,70.27699
16781,16.37625,70.32996
16798,16.44893,70.38629
16815,16.51775,70.44462
16832,16.58375,70.5057
16848,16.64945,70.56887
16865,16.71523,70.63028
16882,16.78447,70.69199
16899,16.85493,70.75119
16915,16.92888,70.80907
16932,17.00559,70.86692
16949,17.08493,70.9269
16966,17.16389,70.98752
16983,17.2428,71.05207
17000,17.31925,71.11917
17017,17.39313,71.18947
17034,17.46297,71.26148
17051,17.53083,71.33808
17067,17.59405,71.41557
17084,17.65335,71.49609
17101,17.70685,71.58119
17118,17.75079,71.67101
17134,17.77831,71.7672
17151,17.77781,71.86766
17168,17.77289,71.96902
17185,17.76368,72.0686
17201,17.75014,72.16768
17218,17.7318,72.26875
17235,17.70156,72.36589
17252,17.66087,72.45905
17269,17.60862,72.54637
17286,17.54638,72.62679
17303,17.47491,72.69924
17320,17.3967,72.76479
17337,17.31598,72.82365
17353,17.23282,72.87919
17370,17.14845,72.93288
17387,17.06239,72.98467
17404,16.97468,73.03628
17421,16.88696,73.08654
17437,16.79741,73.131
17454,16.70476,73.1657
17471,16.61736,73.17247
17487,16.52519,73.17255
17504,16.43111,73.16685
17521,16.33393,73.15726
17538,16.23717,73.1454
17555,16.13875,73.1333
17571,16.03911,73.12483
17588,15.93788,73.1214
17605,15.83798,73.12538
17622,15.73785,73.13666
17639,15.63726,73.15414
17655,15.53987,73.17687
17672,15.4423,73.2056
17689,15.34828,73.23961
17705,15.25664,73.27965
17722,15.16793,73.32586
17739,15.08288,73.37843
17756,15.00142,73.43671
17772,14.92315,73.50046
17789,14.84859,73.56931
17806,14.77831,73.64295
17823,14.71364,73.72038
17840,14.65341,73.8008
17856,14.59724,73.88354
17873,14.54491,73.96874
17890,14.49618,74.05607
17907,14.4504,74.14675
17924,14.40751,74.24097
17941,14.36915,74.33562
17958,14.33449,74.42941
17974,14.30286,74.52504
17992,14.27326,74.62304
18009,14.24545,74.7227
18026,14.21971,74.82144
18043,14.1966,74.91921
18060,14.17644,75.01663
18076,14.15934,75.11523
18093,14.14539,75.21567
18110,14.13479,75.3151
18127,14.12772,75.41472
18145,14.12436,75.51438
18160,14.1251,75.61391
18176,14.1298,75.71336
18193,14.13866,75.81282
18210,14.15165,75.91159
18227,14.16934,76.01202
18244,14.19095,76.11031
18261,14.21662,76.20677
18277,14.24645,76.30199
18294,14.28043,76.39584
18310,14.31882,76.489
18327,14.36085,76.57954
18344,14.40802,76.67098
18361,14.45859,76.75932
18378,14.51258,76.84476
18395,14.56949,76.92697
18411,14.63023,77.00642
18428,14.69685,77.08533
18445,14.76496,77.15881
18462,14.83645,77.22873
18479,14.91093,77.29547
18495,14.98936,77.3595
18512,15.06952,77.41929
18529,15.1557,77.47791
18546,15.24112,77.53071
18563,15.3284,77.57953
18580,15.41772,77.6245
18597,15.50955,77.66581
18613,15.60424,77.70354
18630,15.69867,77.73647
18647,15.7952,77.76559
18663,15.89209,77.79032
18680,15.98965,77.81229
18697,16.08775,77.8317
18714,16.18649,77.8496
18730,16.28514,77.86595
18747,16.38553,77.88117
18764,16.48548,77.89504
18781,16.58532,77.90768
18797,16.68466,77.91912
18814,16.78633,77.92967
18831,16.88609,77.93893
18848,16.98576,77.94704
18864,17.08552,77.95393
18882,17.18804,77.95963
18898,17.28795,77.96371
18915,17.38792,77.96615
18932,17.48792,77.96689
18948,17.58938,77.96586
18965,17.69073,77.963
18982,17.79143,77.95834
18999,17.89123,77.95189
19015,17.99088,77.9436
19032,18.09236,77.93329
19049,18.19339,77.92113
19066,18.29277,77.9073
19083,18.39273,77.89149
19100,18.49383,77.87358
19117,18.59195,77.85432
19133,18.6897,77.83324
19150,18.78705,77.81034
19167,18.88396,77.78565
19183,18.98038,77.75917
19200,19.07623,77.73064
19217,19.17399,77.69922
19234,19.26973,77.66608
19251,19.36561,77.63031
19268,19.45946,77.59251
19285,19.55131,77.55298
19301,19.64225,77.51138
19318,19.73228,77.46784
19335,19.82132,77.42233
19352,19.9108,77.37415
19368,19.99806,77.32506
19385,20.08565,77.27362
19402,20.17242,77.22049
19419,20.25628,77.16602
19436,20.34196,77.10735
19453,20.42392,77.04707
19470,20.50362,76.985
19487,20.58334,76.91783
19504,20.65709,76.84779
19521,20.72698,76.77386
19538,20.78781,76.69398
19555,20.84174,76.60976
19572,20.89471,76.51982
19589,20.94466,76.42843
19606,20.98991,76.33727
19623,21.03026,76.24579
19640,21.06695,76.14906
19657,21.09885,76.05431
19674,21.13349,75.96049
19690,21.1712,75.86787
19707,21.21289,75.77499
19724,21.25842,75.68303
19741,21.3075,75.59392
19758,21.35636,75.50617
19775,21.40378,75.41812
19792,21.45133,75.32915
19808,21.49826,75.24084
19825,21.54653,75.15327
19842,21.59704,75.06696
19858,21.65038,74.98238
19875,21.70708,74.89998
19892,21.76689,74.81985
19909,21.83145,74.7402
19926,21.89748,74.66508
19942,21.9667,74.59293
19959,22.03876,74.5236
19975,22.11379,74.45747
19992,22.19162,74.39468
20009,22.27336,74.33443
20026,22.35765,74.27782
20043,22.44432,74.22492
20060,22.53261,74.17621
20076,22.62218,74.13176
20093,22.71442,74.0909
20110,22.80923,74.05376
20127,22.90714,74.02026
20144,23.00307,73.99203
20161,23.10352,73.96715
20178,23.20149,73.94717
20195,23.3002,73.93114
20212,23.40305,73.91905
20228,23.50297,73.91352
20245,23.60349,73.91531
20262,23.70254,73.92905
20279,23.80073,73.948
20295,23.89695,73.97525
20312,23.99283,74.00699
20329,24.0871,74.04047
20345,24.1806,74.07595
20362,24.27333,74.1134
20379,24.36525,74.15278
20396,24.45772,74.19471
20412,24.5479,74.23792
20429,24.63712,74.28309
20446,24.72531,74.33024
20462,24.81239,74.37939
20479,24.89832,74.43054
20496,24.98304,74.48367
20513,25.07082,74.54163
20530,25.15416,74.59951
20547,25.23493,74.65846
20564,25.31766,74.72075
20581,25.39965,74.77799
20598,25.48452,74.83203
20614,25.57148,74.88139
20631,25.6639,74.92578
20648,25.75713,74.96195
20665,25.85684,74.98945
20682,25.9607,74.98988
20699,26.06057,74.98475
20716,26.16131,74.97337
20733,26.25973,74.95565
20749,26.35761,74.93195
20766,26.45481,74.90264
20783,26.5511,74.86941
20800,26.64529,74.83409
20818,26.74293,74.79559
20834,26.83649,74.75765
20851,26.92972,74.72011
20868,27.02424,74.68464
20885,27.11924,74.65342
20901,27.2157,74.62703
20918,27.31471,74.61302
20935,27.40713,74.62651
20951,27.49434,74.67625
20968,27.57988,74.73099
20985,27.66137,74.79144
21002,27.7393,74.85682
21019,27.81647,74.926
21036,27.8921,74.99447
21053,27.96713,75.06296
21070,28.04201,75.13166
21087,28.11568,75.19925
21104,28.18937,75.26686
21120,28.26305,75.33447
21137,28.33689,75.40191
21154,28.41231,75.47042
21171,28.4891,75.53975
21188,28.56491,75.60773
21205,28.64099,75.67547
21222,28.71597,75.74164
21239,28.79368,75.80957
21256,28.86933,75.87504
21272,28.94529,75.94008
21289,29.02336,76.00622
21306,29.1007,76.07104
21323,29.17878,76.13578
21340,29.25611,76.19916
21356,29.33392,76.26197
21373,29.41252,76.32417
21390,29.49274,76.38602
21407,29.57358,76.44861
21424,29.65279,76.51414
21441,29.73039,76.5803
21458,29.80594,76.64714
21475,29.88211,76.71194
21491,29.96009,76.77454
21508,30.04019,76.83441
21525,30.12554,76.89323
21542,30.2114,76.9473
21559,30.29811,76.99746
21576,30.38623,77.04527
21593,30.47523,77.09087
21609,30.5657,77.13446
21626,30.65743,77.1743
21642,30.75025,77.21199
21659,30.84434,77.2487
21676,30.93788,77.28402
21693,31.03418,77.32031
21710,31.12986,77.35467
21727,31.22481,77.3861
21743,31.3206,77.41473
21760,31.41773,77.44046
21777,31.51518,77.46283
21794,31.61336,77.48191
21810,31.71208,77.4978
21827,31.81403,77.51053
21844,31.91396,77.51944
21861,32.01711,77.52075
21878,32.11115,77.48678
21895,32.20489,77.44273
21912,32.28997,77.39019
21928,32.37338,77.33393
21945,32.45377,77.27445
21962,32.51974,77.19647
21982,32.58646,77.10069
21999,32.63034,77.00567
22016,32.65994,76.90817
22033,32.67751,76.80717
22050,32.68323,76.70734
22067,32.6796,76.60558
22083,32.66833,76.50622
22100,32.65196,76.40757
22117,32.63173,76.30865
22134,32.61562,76.21122
22150,32.60779,76.1117
22167,32.6282,76.0138
22184,32.65446,75.9144
22201,32.68813,75.81991
22217,32.73025,75.72921
22234,32.78112,75.64312
22251,32.83226,75.55717
22268,32.88548,75.47028
22284,32.93896,75.38579
22301,32.99406,75.30206
22318,33.05221,75.21862
22335,33.11229,75.13757
22352,33.17543,75.05759
22369,33.24126,74.97936
22386,33.30911,74.90389
22402,33.37849,74.83189
22419,33.45164,74.76234
22436,33.5285,74.69539
22453,33.60802,74.632
22470,33.69022,74.57216
22487,33.77354,74.51689
22503,33.8592,74.4653
22520,33.94704,74.4175
22537,34.03739,74.37331
22554,34.12897,74.33317
22570,34.22208,74.2967
22587,34.31647,74.26367
22604,34.41195,74.23396
22621,34.49898,74.17873
22637,34.58168,74.12251
22654,34.66239,74.06158
22671,34.7415,73.99733
22688,34.81874,73.93226
22705,34.89556,73.86826
22722,34.97561,73.80623
22738,35.05905,73.74999
22756,35.14717,73.69902
22772,35.23684,73.65421
22789,35.32944,73.61507
22806,35.42599,73.58041
22823,35.52306,73.55078
22840,35.62041,73.52555
22857,35.71991,73.50391
22873,35.81881,73.48612
22890,35.91776,73.4717
22907,36.01715,73.46066
22923,36.11687,73.45299
22940,36.21679,73.44922
22957,36.31679,73.45013
22973,36.41671,73.45595
22990,36.51625,73.46709
23007,36.61513,73.48203
23023,36.71341,73.50056
23040,36.8131,73.52429
23058,36.912,73.55273
23074,37.00746,73.58425
23091,37.10284,73.61942
23108,37.19568,73.65695
23125,37.2873,73.69704
23141,37.37778,73.73963
23158,37.46708,73.78464
23175,37.55525,73.83183
23192,37.64305,73.88162
23208,37.72879,73.93307
23225,37.81326,73.9866
23242,37.89639,74.04218
23258,37.97862,74.10012
23275,38.05893,74.15971
23292,38.13776,74.22124
23308,38.21506,74.28468
23325,38.2911,74.34963
23342,38.36913,74.41249
23358,38.44909,74.47254
23375,38.52979,74.53161
23392,38.61404,74.58547
23408,38.70287,74.63526
23425,38.7927,74.6792
23442,38.88607,74.71684
23459,38.98279,74.75312
23476,39.07868,74.78785
23493,39.17125,74.8257
23510,39.26074,74.87099
23526,39.34776,74.92027
23543,39.43305,74.97248
23560,39.51963,75.02848
23577,39.60236,75.08466
23594,39.68824,75.1441
23611,39.76982,75.20193
23628,39.85434,75.26296
23645,39.93493,75.32217
23662,40.01847,75.35226
23679,40.09938,75.35226
23696,40.18602,75.36622
23713,40.2743,75.3992
23730,40.35779,75.44818
23746,40.42878,75.51861
23764,40.49946,75.59148
23780,40.56801,75.6643
23797,40.63718,75.74099
23814,40.702,75.82014
23831,40.76182,75.90244
23848,40.8184,75.98966
23865,40.87262,76.07368
23882,40.92683,76.15771
23899,40.98217,76.24347
23916,41.03639,76.32749
23932,41.09138,76.41225
23949,41.14624,76.49586
23966,41.20386,76.58091
23983,41.26235,76.66411
24000,41.3223,76.74414
24017,41.38775,76.82427
24034,41.455,76.89963
24051,41.52472,76.97122
24067,41.59756,77.03975
24084,41.67449,77.10611
24101,41.75006,77.17401
24118,41.82335,77.24204
24134,41.89344,77.31338
24151,41.96217,77.38601
24168,42.03024,77.46052
24185,42.09593,77.5359
24201,42.16172,77.61255
24218,42.22839,77.6896
24235,42.29609,77.76537
24252,42.36597,77.83965
24269,42.43717,77.91057
24286,42.51068,77.97835
24302,42.58819,78.04153
24319,42.67218,78.09846
24336,42.76175,78.14693
24353,42.85497,78.18312
24369,42.95494,78.18589
24386,43.05513,78.17846
24403,43.15585,78.16655
24420,43.25457,78.15048
24437,43.35229,78.12822
24453,43.44681,78.09556
24470,43.53904,78.05456
24487,43.62734,78.00761
24503,43.71271,77.95554
24520,43.79624,77.89815
24537,43.87717,77.83652
24554,43.95272,77.76839
24571,44.02273,77.6951
24588,44.08544,77.61722
24604,44.1412,77.5342
24622,44.19199,77.44518
24639,44.23608,77.35352
24655,44.27346,77.25891
24672,44.30214,77.16173
24689,44.3172,77.06288
24706,44.32538,76.96322
24722,44.32122,76.8633
24739,44.30997,76.76257
24756,44.29411,76.662
24773,44.30477,76.6414
24790,44.32076,76.63493
24807,44.3371,76.62771
24824,44.35517,76.61898
24840,44.37563,76.60784
24857,44.39917,76.59327
24874,44.42642,76.57389
24890,44.45752,76.54808
24907,44.49215,76.5134
24924,44.52906,76.46672
24941,44.56715,76.40254
24958,44.59596,76.32397
24974,44.61116,76.23106
24991,44.60509,76.13126
25008,44.60308,76.03128
25025,44.60557,75.92524
25042,44.6124,75.8237
25060,44.62371,75.72202
25076,44.63935,75.6215
25094,44.65926,75.52227
25110,44.68359,75.42355
25127,44.71279,75.324
25144,44.74532,75.228
25161,44.78175,75.13419
25178,44.82229,75.04193
25195,44.8662,74.95129
25211,44.91258,74.86265
25228,44.96096,74.77306
25245,45.0103,74.68345
25262,45.05757,74.59531
25279,45.10511,74.50734
25296,45.15367,74.41981
25312,45.20353,74.33312
25329,45.25677,74.24525
25346,45.31128,74.15938
25363,45.368,74.07481
25380,45.42607,73.99341
25397,45.48933,73.90984
25414,45.55223,73.83211
25431,45.6177,73.75651
25447,45.6871,73.68451
25464,45.76064,73.61565
25481,45.83868,73.55312
25498,45.92456,73.49688
25515,46.01595,73.45368
25531,46.10973,73.41898
25548,46.20581,73.39125
25565,46.30682,73.36913
25582,46.40759,73.35423
25599,46.50907,73.34776
25616,46.60902,73.35065
25633,46.7083,73.36266
25650,46.81098,73.38533
25667,46.90704,73.41312
25684,47.00645,73.44563
25701,47.10054,73.47952
25718,47.19501,73.51833
25735,47.28526,73.56136
25751,47.37318,73.60899
25768,47.45885,73.66144
25785,47.54104,73.71839
25801,47.61995,73.77983
25818,47.69447,73.84971
25835,47.76445,73.92115
25852,47.83366,73.99332
25868,47.90277,74.06651
25885,47.97262,74.14116
25902,48.04195,74.21561
25919,48.1101,74.28878
25936,48.17825,74.36196
25952,48.24641,74.43514
25969,48.31552,74.50935
25986,48.38483,74.58378
26003,48.45402,74.65778
26020,48.52354,74.73179
26037,48.59284,74.80517
26054,48.66173,74.87766
26070,48.73149,74.95057
26087,48.8021,75.02356
26104,48.87376,75.09645
26121,48.94523,75.1664
26138,49.0191,75.23574
26155,49.09362,75.30243
26171,49.17045,75.36768
26188,49.24971,75.4313
26205,49.32948,75.49158
26222,49.41259,75.55049
26239,49.49815,75.60705
26256,49.58344,75.65922
26272,49.6698,75.70963
26289,49.75859,75.76229
26307,49.84562,75.81532
26324,49.93291,75.86814
26340,50.02024,75.92039
26357,50.10626,75.97472
26374,50.17656,76.04691
26391,50.24388,76.12086
26407,50.30937,76.19643
26424,50.37406,76.27306
26441,50.4394,76.3508
26459,50.50475,76.4265
26475,50.57193,76.50056
26491,50.64137,76.57253
26508,50.71325,76.64206
26525,50.78787,76.70863
26541,50.86619,76.7731
26558,50.94593,76.8336
26575,51.02805,76.89066
26591,51.11258,76.94409
26608,51.20008,76.9942
26625,51.29043,77.04082
26642,51.38094,77.08334
26659,51.47292,77.12251
26675,51.56603,77.15819
26692,51.66211,77.19136
26709,51.75749,77.2209
26726,51.85367,77.24689
26742,51.95166,77.2694
26760,52.05225,77.28809
26777,52.15303,77.30195
26793,52.2528,77.3089
26810,52.35259,77.30278
26826,52.45023,77.28117
26843,52.53021,77.23407
26860,52.60783,77.17098
26877,52.67829,77.10004
26893,52.72699,77.01271
26910,52.77404,76.92446
26927,52.82064,76.83596
26943,52.86687,76.74731
26960,52.90925,76.65671
26976,52.94644,76.5639
26993,52.97788,76.46895
27010,53.00573,76.37292
27027,53.03217,76.27648
27043,53.05841,76.17998
27060,53.08587,76.08131
27077,53.11407,75.98537
27094,53.14417,75.89
27110,53.17659,75.79541
27127,53.21194,75.70184
27144,53.25009,75.60903
27160,53.28898,75.51688
27177,53.32739,75.42457
27194,53.36683,75.32843
27211,53.40406,75.23563
27228,53.44091,75.14263
27244,53.47822,75.04988
27261,53.51704,74.95772
27277,53.55796,74.86646
27294,53.60127,74.77631
27311,53.64799,74.6879
27328,53.69957,74.60223
27344,53.75604,74.51844
27361,53.8168,74.43633
27378,53.87957,74.35847
27395,53.94577,74.28352
27411,54.01569,74.21204
27428,54.09024,74.14243
27445,54.1672,74.07601
27462,54.24543,74.01373
27479,54.32546,73.95376
27496,54.40993,73.89404
27513,54.4939,73.83973
27529,54.58057,73.78858
27546,54.67281,73.74461
27563,54.76767,73.70863
27580,54.86344,73.67996
27597,54.96115,73.65867
27613,55.06088,73.64493
27630,55.16042,73.63522
27647,55.26078,73.62759
27664,55.36259,73.62202
27681,55.46306,73.61858
27698,55.56472,73.61712
27715,55.67077,73.61768
27732,55.77074,73.62014
27749,55.87458,73.6247
27766,55.97438,73.631
27782,56.07416,73.63923
27799,56.17502,73.64948
27816,56.27429,73.66149
27833,56.37332,73.67539
27850,56.47594,73.6918
27867,56.57437,73.70948
27883,56.67294,73.7291
27900,56.77132,73.7506
27917,56.86863,73.77364
27934,56.96556,73.79824
27950,57.0621,73.82432
27967,57.1592,73.85206
27984,57.25638,73.88128
28001,57.35368,73.91195
28018,57.44867,73.94319
28034,57.5433,73.9755
28051,57.6384,74.00901
28068,57.73415,74.04377
28085,57.82786,74.07867
28101,57.92131,74.11427
28118,58.01575,74.15086
28135,58.10989,74.18764
28152,58.2052,74.22489
28169,58.29981,74.26187
28186,58.3957,74.29734
28203,58.49184,74.33042
28220,58.58724,74.36082
28237,58.68364,74.38913
28253,58.78014,74.41539
28270,58.87873,74.4405
28287,58.97757,74.4642
28304,59.07716,74.4873
28321,59.17698,74.51009
28338,59.27595,74.53194
28355,59.37574,74.55361
28372,59.47531,74.57487
28389,59.57318,74.5954
28405,59.67112,74.61559
28423,59.77177,74.63596
28439,59.86991,74.65547
28456,59.96983,74.67497
28473,60.06805,74.69378
28489,60.16634,74.71224
28506,60.26533,74.73045
28523,60.36531,74.74844
28540,60.46559,74.76602
28557,60.56422,74.78339
28574,60.66266,74.80445
28591,60.76096,74.83302
28607,60.85703,74.8608
28624,60.95335,74.88814
28641,61.04617,74.931
28658,61.13704,74.97923
28675,61.22379,75.03206
28692,61.30526,75.09005
28708,61.38244,75.15364
28725,61.45484,75.22128
28742,61.52434,75.29381
28759,61.59214,75.37077
28776,61.65745,75.44876
28793,61.72054,75.52637
28809,61.78275,75.60464
28826,61.84501,75.68344
28843,61.90688,75.76196
28860,61.96888,75.84045
28876,62.03131,75.91856
28893,62.09749,75.99653
28910,62.16455,76.07071
28927,62.23449,76.14396
28944,62.30597,76.21566
28961,62.37767,76.285
28978,62.45392,76.35535
28995,62.52842,76.4221
29011,62.60517,76.48603
29028,62.68616,76.54946
29045,62.76804,76.60866
29062,62.85275,76.66409
29079,62.93944,76.71394
29096,63.02957,76.75729
29114,63.12847,76.79665
29130,63.22354,76.82767
29147,63.31991,76.85439
29163,63.41719,76.87759
29180,63.51646,76.89868
29197,63.61608,76.91794
29214,63.71631,76.93526
29231,63.81678,76.95174
29248,63.91758,76.96725
29265,64.01677,76.98199
29282,64.11672,76.99628
29298,64.21584,77.00957
29315,64.31651,77.02252
29332,64.41749,77.03497
29349,64.5168,77.04666
29366,64.61723,77.05718
29383,64.71927,77.06604
29399,64.81895,77.07415
29416,64.91866,77.0817
29433,65.01841,77.08871
29449,65.11821,77.09518
29466,65.21896,77.10115
29483,65.32114,77.10665
29500,65.42223,77.11153
29517,65.52443,77.11591
29534,65.62552,77.11968
29551,65.72755,77.12489
29568,65.82726,77.13267
29585,65.92772,77.14513
29601,66.02673,77.15922
29618,66.12502,77.17758
29635,66.22379,77.19763
29651,66.32187,77.21842
29668,66.42097,77.23981
29685,66.52072,77.26135
29702,66.62022,77.28268
29719,66.71985,77.30377
29736,66.81939,77.3245
29753,66.91898,77.3447
29770,67.01896,77.36442
29787,67.11713,77.38349
29804,67.21539,77.40205
29821,67.31561,77.42042
29837,67.41568,77.43822
29854,67.51489,77.45532
29871,67.61662,77.47231
29888,67.71779,77.48865
29906,67.81872,77.5044
29922,67.91924,77.51955
29939,68.0182,77.53392
29956,68.11903,77.54802
29973,68.21985,77.56158
29990,68.31936,77.57442
30006,68.41867,77.58671
30024,68.52032,77.59911
30040,68.62064,77.61111
30057,68.72192,77.62296
30074,68.8223,77.63452
30091,68.92469,77.64597
30108,69.02663,77.65704
30125,69.12608,77.66753
30142,69.22794,77.6778
30159,69.32755,77.68656
30176,69.42741,77.69188
30192,69.52741,77.69287
30210,69.63091,77.69068
30226,69.73083,77.68701
30243,69.83076,77.68288
30260,69.9307,77.67921
30276,70.03067,77.67667
30293,70.13064,77.67497
30309,70.23064,77.67467
30326,70.33121,77.6759
30343,70.43115,77.67872
30360,70.53271,77.68326
30377,70.63255,77.68938
30394,70.73356,77.6973
30411,70.83498,77.70698
30427,70.93485,77.71779
30444,71.03433,77.72813
30461,71.13564,77.73626
30478,71.23534,77.74528
30494,71.33475,77.75599
30511,71.43755,77.76886
30528,71.53654,77.78298
30545,71.63531,77.7988
30561,71.73375,77.81628
30578,71.83277,77.83562
30595,71.93059,77.85645
30612,72.03227,77.87992
30629,72.12932,77.90405
30646,72.22594,77.92982
30662,72.32284,77.95748
30679,72.41994,77.98709
30697,72.51676,78.01861
30713,72.61304,78.05209
30730,72.70679,78.08691
30747,72.79972,78.1238
30763,72.8918,78.16281
30781,72.98754,78.20591
30797,73.08012,78.24543
30814,73.17511,78.2823
30831,73.2711,78.31629
30848,73.36828,78.34698
30865,73.4649,78.37273
30882,73.56271,78.39359
30899,73.66692,78.40506
30916,73.76892,78.41177
30933,73.86885,78.41552
30950,73.97236,78.41809
30967,74.07232,78.42057
30984,74.17228,78.42356
31000,74.2722,78.42762
31017,74.37206,78.43296
31034,74.47181,78.43999
31050,74.57316,78.44879
31067,74.6733,78.45924
31084,74.77337,78.47128
31101,74.87411,78.48534
31118,74.97318,78.50105
31134,75.07164,78.51855
31151,75.1697,78.53817
31168,75.26717,78.56137
31184,75.36279,78.59067
31201,75.45647,78.62906
31218,75.54492,78.67576
31235,75.62956,78.72898
31251,75.71093,78.78712
31268,75.78965,78.84954
31285,75.86523,78.91503
31301,75.93841,78.98397
31319,76.01083,79.05549
31335,76.08341,79.12445
31352,76.16087,79.19052
31369,76.24108,79.25111
31386,76.32426,79.30661
31402,76.41115,79.35757
31419,76.49979,79.4053
31436,76.59141,79.45105
31453,76.68172,79.494
31469,76.77296,79.53613
31486,76.86378,79.57984
31503,76.92971,79.64248
31520,76.99072,79.72171
31536,77.04503,79.80588
31553,77.09305,79.89576
31570,77.13345,79.98877
31587,77.16723,80.08407
31604,77.19637,80.17973
31621,77.22567,80.27591
31637,77.25481,80.37157
31654,77.28436,80.46856
31671,77.31419,80.56647
31688,77.33627,80.66603
31705,77.3486,80.75481
31722,77.34676,80.81351
31738,77.34676,80.81351
31755,77.34676,80.81351
31772,77.34676,80.81351
31788,77.34676,80.81351
31805,77.34676,80.81351
31822,77.34676,80.81351
31838,77.34676,80.81351
31855,77.34676,80.81351
31872,77.34676,80.81351
31888,77.34676,80.81351
31905,77.34676,80.81351
31922,77.34676,80.81351
31939,77.34676,80.81351
31955,77.34676,80.81351
31972,77.34676,80.81351
31989,77.34676,80.81351
32006,77.34676,80.81351
32023,77.34676,80.81351
32040,77.34676,80.81351
32056,77.34676,80.81351
32073,77.34676,80.81351
32090,77.34676,80.81351
32107,77.34676,80.81351
32124,77.34676,80.81351
32140,77.34676,80.81351
32158,77.34676,80.81351
32174,77.34676,80.81351
32191,77.34676,80.81351
32208,77.34676,80.81351
32225,77.34676,80.81351
32241,77.34676,80.81351
32258,77.34676,80.81351
32275,77.34676,80.81351
32292,77.34676,80.81351
32309,77.34676,80.81351
32326,77.34676,80.81351
32343,77.34746,80.81581
32360,77.34876,80.82007
32377,77.3505,80.82579
32394,77.35244,80.83215
32411,77.35421,80.83795
32427,77.35421,80.83795
32444,77.35421,80.83795
32461,77.35421,80.83795
32477,77.35421,80.83795
32494,77.35421,80.83795
32511,77.35421,80.83795
32527,77.35421,80.83795
32544,77.35421,80.83795
32561,77.35421,80.83795
32578,77.35421,80.83795
32595,77.35421,80.83795
32613,77.35421,80.83795
32629,77.35421,80.83795
32646,77.35421,80.83795
32663,77.35421,80.83795
32679,77.35421,80.83795
32696,77.35421,80.83795
32713,77.35421,80.83795
32730,77.35421,80.83795
32747,77.35421,80.83795
32764,77.35421,80.83795
32780,77.35421,80.83795
32797,77.35421,80.83795
32814,77.35421,80.83795
32830,77.35421,80.83795
32847,77.35421,80.83795
32864,77.35421,80.83795
32881,77.35421,80.83795
32897,77.35421,80.83795
32915,77.35421,80.83795
32931,77.35421,80.83795
32948,77.35421,80.83795
32965,77.35421,80.83795
32982,77.35421,80.83795
32999,77.35421,80.83795
33016,77.35421,80.83795
33309,77.35421,80.83795
33333,77.35421,80.83795
