sample_no,temperature,average temperature,filteredY,std,breath state
0,28.1,0,0,0,-1
1,28.1,0,0,0,-1
2,28.1,0,0,0,-1
3,28.1,0,0,0,-1
4,28.11,0,0,0,-1
5,28.11,0,0,0,-1
6,28.12,0,0,0,-1
7,28.12,0,0,0,-1
8,28.12,0,0,0,-1
9,28.13,0,0,0,-1
10,28.13,0,0,0,-1
11,28.12,0,0,0,-1
12,28.13,0,0,0,-1
13,28.12,0,0,0,-1
14,28.12,0,0,0,-1
15,28.12,0,0,0,-1
16,28.13,0,0,0,-1
17,28.13,0,0,0,-1
18,28.12,0,0,0,-1
19,28.13,0,0,0,-1
20,28.13,0,0,0,-1
21,28.14,0,0,0,-1
22,28.15,0,0,0,-1
23,28.15,0,0,0,-1
24,28.17,0,0,0,-1
25,28.18,0,0,0,-1
26,28.19,0,0,0,-1
27,28.22,0,0,0,-1
28,28.25,0,0,0,-1
29,28.27,0,0,0,-1
30,28.29,0,0,0,-1
31,28.33,0,0,0,-1
32,28.36,0,0,0,-1
33,28.39,0,0,0,-1
34,28.41,0,0,0,-1
35,28.44,0,0,0,-1
36,28.47,0,0,0,-1
37,28.49,0,0,0,-1
38,28.53,0,0,0,-1
39,28.56,0,0,0,-1
40,28.59,0,0,0,-1
41,28.61,0,0,0,-1
42,28.65,0,0,0,-1
43,28.68,0,0,0,-1
44,28.7,0,0,0,-1
45,28.73,0,0,0,-1
46,28.76,0,0,0,-1
47,28.79,0,0,0,-1
48,28.81,0,0,0,-1
49,28.84,0,0,0,-1
50,28.85,0,0,0,-1
51,28.87,0,0,0,-1
52,28.9,0,0,0,-1
53,28.92,0,0,0,-1
54,28.94,0,0,0,-1
55,28.96,0,0,0,-1
56,28.98,0,0,0,-1
57,28.99,0,0,0,-1
58,29.01,0,0,0,-1
59,29.03,0,0,0,-1
60,29.05,0,0,0,-1
61,29.06,0,0,0,-1
62,29.07,0,0,0,-1
63,29.09,0,0,0,-1
64,29.1,0,0,0,-1
65,29.12,0,0,0,-1
66,29.13,0,0,0,-1
67,29.14,0,0,0,-1
68,29.14,0,0,0,-1
69,29.14,0,0,0,-1
70,29.15,0,0,0,-1
71,29.15,0,0,0,-1
72,29.14,0,0,0,-1
73,29.13,0,0,0,-1
74,29.12,0,0,0,-1
75,29.11,0,0,0,-1
76,29.09,0,0,0,-1
77,29.07,0,0,0,-1
78,29.05,0,0,0,-1
79,29.03,0,0,0,-1
80,29.0,0,0,0,-1
81,28.97,0,0,0,-1
82,28.94,0,0,0,-1
83,28.92,0,0,0,-1
84,28.89,0,0,0,-1
85,28.86,0,0,0,-1
86,28.83,0,0,0,-1
87,28.81,0,0,0,-1
88,28.77,0,0,0,-1
89,28.75,0,0,0,-1
90,28.72,0,0,0,-1
91,28.69,0,0,0,-1
92,28.66,0,0,0,-1
93,28.63,0,0,0,-1
94,28.61,0,0,0,-1
95,28.59,0,0,0,-1
96,28.57,0,0,0,-1
97,28.55,0,0,0,-1
98,28.53,0,0,0,-1
99,28.51,0,0,0,0
100,28.49,0,0,0,1
101,28.47,0,0,0,0
102,28.47,0,0,0,0
103,28.46,0,0,0,0
104,28.44,0,0,0,-1
105,28.43,0,0,0,-1
106,28.42,0,0,0,-1
107,28.41,0,0,0,-1
108,28.41,0,0,0,-1
109,28.41,0,0,0,-1
110,28.4,0,0,0,-1
111,28.39,0,0,0,-1
112,28.38,0,0,0,-1
113,28.38,0,0,0,-1
114,28.38,0,0,0,-1
115,28.38,0,0,0,-1
116,28.38,0,0,0,-1
117,28.38,0,0,0,-1
118,28.4,0,0,0,-1
119,28.4,0,0,0,-1
120,28.41,0,0,0,-1
121,28.42,0,0,0,-1
122,28.44,0,0,0,-1
123,28.46,0,0,0,-1
124,28.49,0,0,0,-1
125,28.51,0,0,0,-1
126,28.54,0,0,0,-1
127,28.57,0,0,0,0
128,28.59,0,0,0,0
129,28.62,0,0,0,0
130,28.66,0,0,0,0
131,28.68,0,0,0,0
132,28.72,0,0,0,0
133,28.75,0,0,0,0
134,28.77,0,0,0,0
135,28.8,0,0,0,0
136,28.84,0,0,0,0
137,28.86,0,0,0,0
138,28.89,0,0,0,1
139,28.91,0,0,0,1
140,28.95,0,0,0,1
141,28.96,0,0,0,1
142,29.01,0,0,0,1
143,29.02,0,0,0,1
144,29.06,0,0,0,1
145,29.08,0,0,0,1
146,29.1,0,0,0,1
147,29.12,0,0,0,1
148,29.15,0,0,0,1
149,29.16,0,0,0,1
150,29.2,0,0,0,1
151,29.21,0,0,0,1
152,29.23,0,0,0,1
153,29.26,0,0,0,1
154,29.26,0,0,0,1
155,29.3,0,0,0,1
156,29.31,0,0,0,1
157,29.33,0,0,0,1
158,29.34,0,0,0,1
159,29.36,0,0,0,1
160,29.37,0,0,0,1
161,29.38,0,0,0,1
162,29.38,0,0,0,1
163,29.38,0,0,0,1
164,29.38,0,0,0,1
165,29.38,0,0,0,1
166,29.38,0,0,0,1
167,29.37,0,0,0,1
168,29.35,0,0,0,1
169,29.34,0,0,0,1
170,29.32,0,0,0,1
171,29.31,0,0,0,1
172,29.27,0,0,0,1
173,29.26,0,0,0,1
174,29.22,0,0,0,1
175,29.2,0,0,0,1
176,29.17,0,0,0,1
177,29.15,0,0,0,1
178,29.11,0,0,0,1
179,29.09,0,0,0,1
180,29.06,0,0,0,1
181,29.03,0,0,0,1
182,29.0,0,0,0,0
183,28.97,0,0,0,0
184,28.93,0,0,0,0
185,28.91,0,0,0,0
186,28.88,0,0,0,0
187,28.84,0,0,0,0
188,28.83,0,0,0,0
189,28.81,0,0,0,0
190,28.78,0,0,0,0
191,28.76,0,0,0,0
192,28.74,0,0,0,0
193,28.72,0,0,0,0
194,28.7,0,0,0,0
195,28.69,0,0,0,0
196,28.68,0,0,0,-1
197,28.67,0,0,0,-1
198,28.66,0,0,0,-1
199,28.65,0,0,0,-1
200,28.63,0,0,0,-1
201,28.63,0,0,0,-1
202,28.62,0,0,0,-1
203,28.61,0,0,0,-1
204,28.61,0,0,0,-1
205,28.62,0,0,0,-1
206,28.62,0,0,0,-1
207,28.63,0,0,0,-1
208,28.65,0,0,0,-1
209,28.66,0,0,0,-1
210,28.68,0,0,0,-1
211,28.7,0,0,0,-1
212,28.73,0,0,0,0
213,28.74,0,0,0,0
214,28.77,0,0,0,0
215,28.8,0,0,0,0
216,28.83,0,0,0,0
217,28.86,0,0,0,0
218,28.89,0,0,0,0
219,28.92,0,0,0,0
220,28.94,0,0,0,0
221,28.98,0,0,0,0
222,29.0,0,0,0,0
223,29.03,0,0,0,0
224,29.06,0,0,0,0
225,29.08,0,0,0,0
226,29.11,0,0,0,1
227,29.14,0,0,0,1
228,29.17,0,0,0,1
229,29.2,0,0,0,1
230,29.22,0,0,0,1
231,29.23,0,0,0,1
232,29.26,0,0,0,1
233,29.29,0,0,0,1
234,29.31,0,0,0,1
235,29.34,0,0,0,1
236,29.35,0,0,0,1
237,29.37,0,0,0,1
238,29.39,0,0,0,1
239,29.41,0,0,0,1
240,29.42,0,0,0,1
241,29.43,0,0,0,1
242,29.45,0,0,0,1
243,29.46,0,0,0,1
244,29.47,0,0,0,1
245,29.47,0,0,0,1
246,29.48,0,0,0,1
247,29.49,0,0,0,1
248,29.49,0,0,0,1
249,29.5,0,0,0,1
250,29.5,0,0,0,1
251,29.49,0,0,0,1
252,29.48,0,0,0,1
253,29.47,0,0,0,1
254,29.46,0,0,0,1
255,29.43,0,0,0,1
256,29.41,0,0,0,1
257,29.39,0,0,0,1
258,29.37,0,0,0,1
259,29.33,0,0,0,1
260,29.32,0,0,0,1
261,29.29,0,0,0,1
262,29.26,0,0,0,1
263,29.22,0,0,0,0
264,29.19,0,0,0,0
265,29.16,0,0,0,0
266,29.13,0,0,0,0
267,29.11,0,0,0,0
268,29.08,0,0,0,0
269,29.06,0,0,0,0
270,29.03,0,0,0,0
271,29.0,0,0,0,0
272,28.98,0,0,0,0
273,28.96,0,0,0,0
274,28.94,0,0,0,0
275,28.93,0,0,0,0
276,28.9,0,0,0,-1
277,28.9,0,0,0,-1
278,28.87,0,0,0,-1
279,28.87,0,0,0,-1
280,28.86,0,0,0,-1
281,28.85,0,0,0,-1
282,28.83,0,0,0,-1
283,28.83,0,0,0,-1
284,28.83,0,0,0,-1
285,28.82,0,0,0,-1
286,28.82,0,0,0,-1
287,28.81,0,0,0,-1
288,28.81,0,0,0,-1
289,28.8,0,0,0,-1
290,28.8,0,0,0,-1
291,28.79,0,0,0,-1
292,28.79,0,0,0,-1
293,28.79,0,0,0,-1
294,28.8,0,0,0,-1
295,28.79,0,0,0,-1
296,28.79,0,0,0,-1
297,28.79,0,0,0,-1
298,28.8,0,0,0,-1
299,28.8,0,0,0,-1
300,28.8,0,0,0,-1
301,28.8,0,0,0,-1
302,28.8,0,0,0,-1
303,28.81,0,0,0,-1
304,28.81,0,0,0,-1
305,28.81,0,0,0,-1
306,28.81,0,0,0,-1
307,28.81,0,0,0,-1
308,28.81,0,0,0,-1
309,28.81,0,0,0,-1
310,28.81,0,0,0,-1
311,28.8,0,0,0,-1
312,28.81,0,0,0,-1
313,28.81,0,0,0,-1
314,28.81,0,0,0,-1
315,28.81,0,0,0,-1
316,28.82,0,0,0,-1
317,28.81,0,0,0,-1
318,28.82,0,0,0,-1
319,28.81,0,0,0,-1
320,28.8,0,0,0,-1
321,28.82,0,0,0,-1
322,28.81,0,0,0,-1
323,28.81,0,0,0,-1
324,28.82,0,0,0,-1
325,28.82,0,0,0,-1
326,28.84,0,0,0,-1
327,28.84,0,0,0,-1
328,28.85,0,0,0,-1
329,28.87,0,0,0,-1
330,28.88,0,0,0,-1
331,28.9,0,0,0,-1
332,28.92,0,0,0,0
333,28.94,0,0,0,0
334,28.96,0,0,0,0
335,28.98,0,0,0,0
336,29.01,0,0,0,0
337,29.04,0,0,0,0
338,29.07,0,0,0,0
339,29.1,0,0,0,0
340,29.12,0,0,0,0
341,29.14,0,0,0,1
342,29.18,0,0,0,1
343,29.2,0,0,0,1
344,29.23,0,0,0,1
345,29.25,0,0,0,1
346,29.28,0,0,0,1
347,29.31,0,0,0,1
348,29.33,0,0,0,1
349,29.36,0,0,0,1
350,29.37,0,0,0,1
351,29.4,0,0,0,1
352,29.41,0,0,0,1
353,29.43,0,0,0,1
354,29.45,0,0,0,1
355,29.47,0,0,0,1
356,29.49,0,0,0,1
357,29.5,0,0,0,1
358,29.52,0,0,0,1
359,29.54,0,0,0,1
360,29.55,0,0,0,1
361,29.57,0,0,0,1
362,29.57,0,0,0,1
363,29.58,0,0,0,1
364,29.59,0,0,0,1
365,29.6,0,0,0,1
366,29.6,0,0,0,1
367,29.62,0,0,0,1
368,29.62,0,0,0,1
369,29.61,0,0,0,1
370,29.61,0,0,0,1
371,29.62,0,0,0,1
372,29.61,0,0,0,1
373,29.6,0,0,0,1
374,29.6,0,0,0,1
375,29.58,0,0,0,1
376,29.57,0,0,0,1
377,29.56,0,0,0,1
378,29.55,0,0,0,1
379,29.53,0,0,0,1
380,29.51,0,0,0,1
381,29.49,0,0,0,1
382,29.47,0,0,0,1
383,29.45,0,0,0,1
384,29.43,0,0,0,1
385,29.41,0,0,0,1
386,29.38,0,0,0,1
387,29.36,0,0,0,1
388,29.33,0,0,0,1
389,29.31,0,0,0,1
390,29.29,0,0,0,0
391,29.26,0,0,0,0
392,29.24,0,0,0,0
393,29.21,0,0,0,0
394,29.19,0,0,0,0
395,29.18,0,0,0,0
396,29.17,0,0,0,0
397,29.16,0,0,0,0
398,29.14,0,0,0,0
399,29.12,0,0,0,0
400,29.11,0,0,0,0
401,29.1,0,0,0,0
402,29.08,0,0,0,0
403,29.07,0,0,0,0
404,29.06,0,0,0,0
405,29.05,0,0,0,-1
406,29.05,0,0,0,-1
407,29.04,0,0,0,-1
408,29.03,0,0,0,-1
409,29.03,0,0,0,-1
410,29.04,0,0,0,-1
411,29.05,0,0,0,-1
412,29.05,0,0,0,-1
413,29.05,0,0,0,-1
414,29.07,0,0,0,-1
415,29.08,0,0,0,-1
416,29.1,0,0,0,0
417,29.11,0,0,0,0
418,29.12,0,0,0,0
419,29.15,0,0,0,0
420,29.17,0,0,0,0
421,29.18,0,0,0,0
422,29.2,0,0,0,0
423,29.22,0,0,0,0
424,29.25,0,0,0,0
425,29.28,0,0,0,0
426,29.31,0,0,0,0
427,29.32,0,0,0,0
428,29.34,0,0,0,0
429,29.37,0,0,0,0
430,29.38,0,0,0,0
431,29.4,0,0,0,1
432,29.43,0,0,0,1
433,29.45,0,0,0,1
434,29.46,0,0,0,1
435,29.47,0,0,0,1
436,29.49,0,0,0,1
437,29.5,0,0,0,1
438,29.52,0,0,0,1
439,29.54,0,0,0,1
440,29.54,0,0,0,1
441,29.55,0,0,0,1
442,29.57,0,0,0,1
443,29.58,0,0,0,1
444,29.58,0,0,0,1
445,29.59,0,0,0,1
446,29.6,0,0,0,1
447,29.59,0,0,0,1
448,29.6,0,0,0,1
449,29.61,0,0,0,1
450,29.61,0,0,0,1
451,29.61,0,0,0,1
452,29.6,0,0,0,1
453,29.6,0,0,0,1
454,29.59,0,0,0,1
455,29.58,0,0,0,1
456,29.57,0,0,0,1
457,29.57,0,0,0,1
458,29.55,0,0,0,1
459,29.54,0,0,0,1
460,29.53,0,0,0,1
461,29.51,0,0,0,1
462,29.49,0,0,0,1
463,29.48,0,0,0,0
464,29.46,0,0,0,0
465,29.44,0,0,0,0
466,29.42,0,0,0,0
467,29.4,0,0,0,0
468,29.37,0,0,0,0
469,29.35,0,0,0,0
470,29.34,0,0,0,0
471,29.33,0,0,0,0
472,29.3,0,0,0,0
473,29.28,0,0,0,0
474,29.26,0,0,0,-1
475,29.25,0,0,0,-1
476,29.23,0,0,0,-1
477,29.22,0,0,0,-1
478,29.21,0,0,0,-1
479,29.2,0,0,0,-1
480,29.18,0,0,0,-1
481,29.18,0,0,0,-1
482,29.17,0,0,0,-1
483,29.16,0,0,0,-1
484,29.15,0,0,0,-1
485,29.15,0,0,0,-1
486,29.14,0,0,0,-1
487,29.14,0,0,0,-1
488,29.14,0,0,0,-1
489,29.15,0,0,0,-1
490,29.15,0,0,0,-1
491,29.16,0,0,0,-1
492,29.17,0,0,0,-1
493,29.18,0,0,0,-1
494,29.19,0,0,0,-1
495,29.21,0,0,0,-1
496,29.22,0,0,0,0
497,29.24,0,0,0,0
498,29.25,0,0,0,0
499,29.28,0,0,0,0
500,29.3,0,0,0,0
501,29.33,0,0,0,0
502,29.34,0,0,0,0
503,29.36,0,0,0,0
504,29.37,0,0,0,0
505,29.4,0,0,0,0
506,29.42,0,0,0,1
507,29.43,0,0,0,1
508,29.46,0,0,0,1
509,29.47,0,0,0,1
510,29.49,0,0,0,1
511,29.51,0,0,0,1
512,29.52,0,0,0,1
513,29.54,0,0,0,1
514,29.55,0,0,0,1
515,29.57,0,0,0,1
516,29.58,0,0,0,1
517,29.58,0,0,0,1
518,29.6,0,0,0,1
519,29.61,0,0,0,1
520,29.62,0,0,0,1
521,29.63,0,0,0,1
522,29.63,0,0,0,1
523,29.63,0,0,0,1
524,29.64,0,0,0,1
525,29.64,0,0,0,1
526,29.64,0,0,0,1
527,29.64,0,0,0,1
528,29.65,0,0,0,1
529,29.63,0,0,0,1
530,29.63,0,0,0,1
531,29.62,0,0,0,1
532,29.61,0,0,0,1
533,29.6,0,0,0,1
534,29.6,0,0,0,1
535,29.58,0,0,0,1
536,29.57,0,0,0,1
537,29.55,0,0,0,1
538,29.54,0,0,0,1
539,29.53,0,0,0,1
540,29.52,0,0,0,0
541,29.5,0,0,0,0
542,29.48,0,0,0,0
543,29.47,0,0,0,0
544,29.45,0,0,0,0
545,29.43,0,0,0,0
546,29.43,0,0,0,0
547,29.4,0,0,0,0
548,29.4,0,0,0,0
549,29.38,0,0,0,0
550,29.37,0,0,0,0
551,29.35,0,0,0,0
552,29.34,0,0,0,-1
553,29.33,0,0,0,-1
554,29.32,0,0,0,-1
555,29.32,0,0,0,-1
556,29.3,0,0,0,-1
557,29.3,0,0,0,-1
558,29.28,0,0,0,-1
559,29.28,0,0,0,-1
560,29.26,0,0,0,-1
561,29.26,0,0,0,-1
562,29.25,0,0,0,-1
563,29.26,0,0,0,-1
564,29.25,0,0,0,-1
565,29.25,0,0,0,-1
566,29.26,0,0,0,-1
567,29.26,0,0,0,-1
568,29.26,0,0,0,-1
569,29.27,0,0,0,-1
570,29.29,0,0,0,-1
571,29.3,0,0,0,0
572,29.32,0,0,0,0
573,29.33,0,0,0,0
574,29.35,0,0,0,0
575,29.36,0,0,0,0
576,29.38,0,0,0,0
577,29.4,0,0,0,0
578,29.41,0,0,0,0
579,29.43,0,0,0,0
580,29.45,0,0,0,0
581,29.46,0,0,0,0
582,29.48,0,0,0,1
583,29.5,0,0,0,1
584,29.51,0,0,0,1
585,29.52,0,0,0,1
586,29.55,0,0,0,1
587,29.56,0,0,0,1
588,29.57,0,0,0,1
589,29.59,0,0,0,1
590,29.6,0,0,0,1
591,29.61,0,0,0,1
592,29.62,0,0,0,1
593,29.64,0,0,0,1
594,29.65,0,0,0,1
595,29.66,0,0,0,1
596,29.67,0,0,0,1
597,29.67,0,0,0,1
598,29.68,0,0,0,1
599,29.68,0,0,0,1
600,29.68,0,0,0,1
601,29.69,0,0,0,1
602,29.69,0,0,0,1
603,29.69,0,0,0,1
604,29.69,0,0,0,1
605,29.68,0,0,0,1
606,29.68,0,0,0,1
607,29.68,0,0,0,1
608,29.67,0,0,0,1
609,29.66,0,0,0,1
610,29.65,0,0,0,1
611,29.64,0,0,0,1
612,29.62,0,0,0,1
613,29.61,0,0,0,1
614,29.59,0,0,0,1
615,29.58,0,0,0,1
616,29.56,0,0,0,0
617,29.55,0,0,0,0
618,29.53,0,0,0,0
619,29.52,0,0,0,0
620,29.51,0,0,0,0
621,29.49,0,0,0,0
622,29.48,0,0,0,0
623,29.47,0,0,0,0
624,29.45,0,0,0,0
625,29.43,0,0,0,0
626,29.42,0,0,0,-1
627,29.41,0,0,0,-1
628,29.39,0,0,0,-1
629,29.39,0,0,0,-1
630,29.38,0,0,0,-1
631,29.38,0,0,0,-1
632,29.36,0,0,0,-1
633,29.36,0,0,0,-1
634,29.35,0,0,0,-1
635,29.35,0,0,0,-1
636,29.35,0,0,0,-1
637,29.34,0,0,0,-1
638,29.35,0,0,0,-1
639,29.35,0,0,0,-1
640,29.36,0,0,0,-1
641,29.37,0,0,0,-1
642,29.38,0,0,0,-1
643,29.38,0,0,0,-1
644,29.4,0,0,0,0
645,29.42,0,0,0,0
646,29.43,0,0,0,0
647,29.44,0,0,0,0
648,29.46,0,0,0,0
649,29.47,0,0,0,0
650,29.49,0,0,0,0
651,29.5,0,0,0,0
652,29.52,0,0,0,0
653,29.54,0,0,0,1
654,29.55,0,0,0,1
655,29.57,0,0,0,1
656,29.59,0,0,0,1
657,29.6,0,0,0,1
658,29.62,0,0,0,1
659,29.64,0,0,0,1
660,29.64,0,0,0,1
661,29.66,0,0,0,1
662,29.68,0,0,0,1
663,29.68,0,0,0,1
664,29.7,0,0,0,1
665,29.71,0,0,0,1
666,29.72,0,0,0,1
667,29.73,0,0,0,1
668,29.73,0,0,0,1
669,29.75,0,0,0,1
670,29.75,0,0,0,1
671,29.75,0,0,0,1
672,29.76,0,0,0,1
673,29.76,0,0,0,1
674,29.75,0,0,0,1
675,29.75,0,0,0,1
676,29.75,0,0,0,1
677,29.75,0,0,0,1
678,29.74,0,0,0,1
679,29.74,0,0,0,1
680,29.73,0,0,0,1
681,29.72,0,0,0,1
682,29.7,0,0,0,1
683,29.69,0,0,0,1
684,29.67,0,0,0,1
685,29.66,0,0,0,1
686,29.64,0,0,0,0
687,29.62,0,0,0,0
688,29.6,0,0,0,0
689,29.58,0,0,0,0
690,29.56,0,0,0,0
691,29.54,0,0,0,0
692,29.53,0,0,0,0
693,29.51,0,0,0,-1
694,29.5,0,0,0,-1
695,29.49,0,0,0,-1
696,29.47,0,0,0,-1
697,29.46,0,0,0,-1
698,29.45,0,0,0,-1
699,29.44,0,0,0,-1
700,29.43,0,0,0,-1
701,29.42,0,0,0,-1
702,29.41,0,0,0,-1
703,29.41,0,0,0,-1
704,29.4,0,0,0,-1
705,29.39,0,0,0,-1
706,29.38,0,0,0,-1
707,29.37,0,0,0,-1
708,29.37,0,0,0,-1
709,29.37,0,0,0,-1
710,29.36,0,0,0,-1
711,29.35,0,0,0,-1
712,29.35,0,0,0,-1
713,29.34,0,0,0,-1
714,29.33,0,0,0,-1
715,29.33,0,0,0,-1
716,29.32,0,0,0,-1
717,29.32,0,0,0,-1
718,29.32,0,0,0,-1
719,29.32,0,0,0,-1
720,29.31,0,0,0,-1
721,29.31,0,0,0,-1
722,29.32,0,0,0,-1
723,29.32,0,0,0,-1
724,29.33,0,0,0,-1
725,29.34,0,0,0,-1
726,29.35,0,0,0,-1
727,29.36,0,0,0,-1
728,29.36,0,0,0,-1
729,29.38,0,0,0,-1
730,29.38,0,0,0,-1
731,29.41,0,0,0,-1
732,29.41,0,0,0,-1
733,29.43,0,0,0,0
734,29.45,0,0,0,0
735,29.46,0,0,0,0
736,29.48,0,0,0,0
737,29.5,0,0,0,0
738,29.51,0,0,0,0
739,29.53,0,0,0,0
740,29.55,0,0,0,0
741,29.55,0,0,0,0
742,29.57,0,0,0,0
743,29.59,0,0,0,1
744,29.61,0,0,0,1
745,29.63,0,0,0,1
746,29.65,0,0,0,1
747,29.67,0,0,0,1
748,29.68,0,0,0,1
749,29.7,0,0,0,1
750,29.71,0,0,0,1
751,29.73,0,0,0,1
752,29.74,0,0,0,1
753,29.76,0,0,0,1
754,29.77,0,0,0,1
755,29.78,0,0,0,1
756,29.79,0,0,0,1
757,29.8,0,0,0,1
758,29.82,0,0,0,1
759,29.82,0,0,0,1
760,29.84,0,0,0,1
761,29.84,0,0,0,1
762,29.86,0,0,0,1
763,29.86,0,0,0,1
764,29.87,0,0,0,1
765,29.87,0,0,0,1
766,29.86,0,0,0,1
767,29.86,0,0,0,1
768,29.87,0,0,0,1
769,29.87,0,0,0,1
770,29.87,0,0,0,1
771,29.87,0,0,0,1
772,29.87,0,0,0,1
773,29.86,0,0,0,1
774,29.85,0,0,0,1
775,29.84,0,0,0,1
776,29.83,0,0,0,1
777,29.81,0,0,0,1
778,29.8,0,0,0,1
779,29.78,0,0,0,1
780,29.77,0,0,0,1
781,29.75,0,0,0,1
782,29.73,0,0,0,1
783,29.72,0,0,0,1
784,29.69,0,0,0,1
785,29.68,0,0,0,1
786,29.66,0,0,0,0
787,29.64,0,0,0,0
788,29.61,0,0,0,0
789,29.6,0,0,0,0
790,29.6,0,0,0,0
791,29.58,0,0,0,0
792,29.56,0,0,0,0
793,29.55,0,0,0,0
794,29.53,0,0,0,0
795,29.52,0,0,0,0
796,29.51,0,0,0,0
797,29.5,0,0,0,0
798,29.49,0,0,0,0
799,29.48,0,0,0,-1
800,29.47,0,0,0,-1
801,29.46,0,0,0,-1
802,29.46,0,0,0,-1
803,29.45,0,0,0,-1
804,29.44,0,0,0,-1
805,29.44,0,0,0,-1
806,29.43,0,0,0,-1
807,29.42,0,0,0,-1
808,29.42,0,0,0,-1
809,29.42,0,0,0,-1
810,29.42,0,0,0,-1
811,29.43,0,0,0,-1
812,29.43,0,0,0,-1
813,29.44,0,0,0,-1
814,29.44,0,0,0,-1
815,29.46,0,0,0,-1
816,29.47,0,0,0,-1
817,29.48,0,0,0,-1
818,29.49,0,0,0,-1
819,29.51,0,0,0,0
820,29.52,0,0,0,0
821,29.53,0,0,0,0
822,29.54,0,0,0,0
823,29.56,0,0,0,0
824,29.58,0,0,0,0
825,29.6,0,0,0,0
826,29.62,0,0,0,0
827,29.63,0,0,0,0
828,29.65,0,0,0,0
829,29.66,0,0,0,0
830,29.67,0,0,0,0
831,29.69,0,0,0,0
832,29.71,0,0,0,1
833,29.71,0,0,0,1
834,29.74,0,0,0,1
835,29.75,0,0,0,1
836,29.77,0,0,0,1
837,29.78,0,0,0,1
838,29.79,0,0,0,1
839,29.8,0,0,0,1
840,29.81,0,0,0,1
841,29.82,0,0,0,1
842,29.84,0,0,0,1
843,29.84,0,0,0,1
844,29.85,0,0,0,1
845,29.86,0,0,0,1
846,29.87,0,0,0,1
847,29.87,0,0,0,1
848,29.87,0,0,0,1
849,29.87,0,0,0,1
850,29.89,0,0,0,1
851,29.89,0,0,0,1
852,29.89,0,0,0,1
853,29.89,0,0,0,1
854,29.88,0,0,0,1
855,29.88,0,0,0,1
856,29.87,0,0,0,1
857,29.86,0,0,0,1
858,29.84,0,0,0,1
859,29.84,0,0,0,1
860,29.82,0,0,0,1
861,29.82,0,0,0,1
862,29.79,0,0,0,1
863,29.76,0,0,0,0
864,29.75,0,0,0,0
865,29.73,0,0,0,0
866,29.72,0,0,0,0
867,29.7,0,0,0,0
868,29.69,0,0,0,0
869,29.67,0,0,0,0
870,29.66,0,0,0,0
871,29.64,0,0,0,0
872,29.63,0,0,0,0
873,29.62,0,0,0,0
874,29.59,0,0,0,-1
875,29.59,0,0,0,0
876,29.57,0,0,0,-1
877,29.57,0,0,0,-1
878,29.56,0,0,0,-1
879,29.55,0,0,0,-1
880,29.54,0,0,0,-1
881,29.54,0,0,0,-1
882,29.53,0,0,0,-1
883,29.52,0,0,0,-1
884,29.52,0,0,0,-1
885,29.51,0,0,0,-1
886,29.51,0,0,0,-1
887,29.51,0,0,0,-1
888,29.5,0,0,0,-1
889,29.5,0,0,0,-1
890,29.5,0,0,0,-1
891,29.5,0,0,0,-1
892,29.49,0,0,0,-1
893,29.5,0,0,0,-1
894,29.5,0,0,0,-1
895,29.51,0,0,0,-1
896,29.51,0,0,0,-1
897,29.52,0,0,0,-1
898,29.53,0,0,0,-1
899,29.53,0,0,0,-1
900,29.55,0,0,0,-1
901,29.56,0,0,0,0
902,29.58,0,0,0,0
903,29.58,0,0,0,0
904,29.6,0,0,0,0
905,29.62,0,0,0,0
906,29.63,0,0,0,0
907,29.64,0,0,0,0
908,29.67,0,0,0,0
909,29.67,0,0,0,0
910,29.69,0,0,0,0
911,29.7,0,0,0,0
912,29.72,0,0,0,0
913,29.74,0,0,0,1
914,29.75,0,0,0,1
915,29.76,0,0,0,1
916,29.78,0,0,0,1
917,29.78,0,0,0,1
918,29.8,0,0,0,1
919,29.81,0,0,0,1
920,29.82,0,0,0,1
921,29.84,0,0,0,1
922,29.85,0,0,0,1
923,29.86,0,0,0,1
924,29.86,0,0,0,1
925,29.87,0,0,0,1
926,29.88,0,0,0,1
927,29.88,0,0,0,1
928,29.89,0,0,0,1
929,29.89,0,0,0,1
930,29.9,0,0,0,1
931,29.9,0,0,0,1
932,29.91,0,0,0,1
933,29.9,0,0,0,1
934,29.9,0,0,0,1
935,29.9,0,0,0,1
936,29.89,0,0,0,1
937,29.89,0,0,0,1
938,29.88,0,0,0,1
939,29.86,0,0,0,1
940,29.86,0,0,0,1
941,29.85,0,0,0,1
942,29.83,0,0,0,1
943,29.82,0,0,0,1
944,29.81,0,0,0,1
945,29.79,0,0,0,0
946,29.77,0,0,0,0
947,29.75,0,0,0,0
948,29.74,0,0,0,0
949,29.72,0,0,0,0
950,29.72,0,0,0,0
951,29.7,0,0,0,0
952,29.69,0,0,0,0
953,29.67,0,0,0,0
954,29.67,0,0,0,0
955,29.66,0,0,0,0
956,29.65,0,0,0,0
957,29.63,0,0,0,-1
958,29.62,0,0,0,-1
959,29.61,0,0,0,-1
960,29.6,0,0,0,-1
961,29.6,0,0,0,-1
962,29.6,0,0,0,-1
963,29.58,0,0,0,-1
964,29.58,0,0,0,-1
965,29.57,0,0,0,-1
966,29.57,0,0,0,-1
967,29.57,0,0,0,-1
968,29.56,0,0,0,-1
969,29.56,0,0,0,-1
970,29.56,0,0,0,-1
971,29.56,0,0,0,-1
972,29.56,0,0,0,-1
973,29.58,0,0,0,-1
974,29.57,0,0,0,-1
975,29.58,0,0,0,-1
976,29.6,0,0,0,-1
977,29.6,0,0,0,-1
978,29.62,0,0,0,0
979,29.62,0,0,0,0
980,29.64,0,0,0,0
981,29.67,0,0,0,0
982,29.67,0,0,0,0
983,29.69,0,0,0,0
984,29.7,0,0,0,0
985,29.71,0,0,0,0
986,29.73,0,0,0,0
987,29.75,0,0,0,0
988,29.76,0,0,0,1
989,29.78,0,0,0,1
990,29.79,0,0,0,1
991,29.81,0,0,0,1
992,29.83,0,0,0,1
993,29.84,0,0,0,1
994,29.85,0,0,0,1
995,29.86,0,0,0,1
996,29.87,0,0,0,1
997,29.88,0,0,0,1
998,29.89,0,0,0,1
999,29.91,0,0,0,1
1000,29.91,0,0,0,1
1001,29.93,0,0,0,1
1002,29.94,0,0,0,1
1003,29.95,0,0,0,1
1004,29.96,0,0,0,1
1005,29.96,0,0,0,1
1006,29.97,0,0,0,1
1007,29.96,0,0,0,1
1008,29.97,0,0,0,1
1009,29.98,0,0,0,1
1010,29.97,0,0,0,1
1011,29.98,0,0,0,1
1012,29.98,0,0,0,1
1013,29.98,0,0,0,1
1014,29.97,0,0,0,1
1015,29.95,0,0,0,1
1016,29.96,0,0,0,1
1017,29.93,0,0,0,1
1018,29.92,0,0,0,1
1019,29.91,0,0,0,1
1020,29.89,0,0,0,1
1021,29.88,0,0,0,1
1022,29.87,0,0,0,1
1023,29.85,0,0,0,0
1024,29.83,0,0,0,0
1025,29.82,0,0,0,0
1026,29.81,0,0,0,0
1027,29.79,0,0,0,0
1028,29.77,0,0,0,0
1029,29.76,0,0,0,0
1030,29.75,0,0,0,0
1031,29.74,0,0,0,0
1032,29.73,0,0,0,0
1033,29.71,0,0,0,0
1034,29.7,0,0,0,-1
1035,29.69,0,0,0,-1
1036,29.68,0,0,0,-1
1037,29.68,0,0,0,-1
1038,29.67,0,0,0,-1
1039,29.66,0,0,0,-1
1040,29.65,0,0,0,-1
1041,29.64,0,0,0,-1
1042,29.64,0,0,0,-1
1043,29.64,0,0,0,-1
1044,29.63,0,0,0,-1
1045,29.63,0,0,0,-1
1046,29.62,0,0,0,-1
1047,29.63,0,0,0,-1
1048,29.63,0,0,0,-1
1049,29.63,0,0,0,-1
1050,29.64,0,0,0,-1
1051,29.64,0,0,0,-1
1052,29.66,0,0,0,-1
1053,29.66,0,0,0,-1
1054,29.67,0,0,0,-1
1055,29.68,0,0,0,0
1056,29.7,0,0,0,0
1057,29.71,0,0,0,0
1058,29.72,0,0,0,0
1059,29.74,0,0,0,0
1060,29.75,0,0,0,0
1061,29.77,0,0,0,0
1062,29.77,0,0,0,0
1063,29.8,0,0,0,0
1064,29.82,0,0,0,1
1065,29.83,0,0,0,1
1066,29.85,0,0,0,1
1067,29.86,0,0,0,1
1068,29.88,0,0,0,1
1069,29.9,0,0,0,1
1070,29.9,0,0,0,1
1071,29.92,0,0,0,1
1072,29.94,0,0,0,1
1073,29.95,0,0,0,1
1074,29.97,0,0,0,1
1075,29.98,0,0,0,1
1076,29.99,0,0,0,1
1077,30.0,0,0,0,1
1078,30.01,0,0,0,1
1079,30.02,0,0,0,1
1080,30.03,0,0,0,1
1081,30.03,0,0,0,1
1082,30.03,0,0,0,1
1083,30.04,0,0,0,1
1084,30.04,0,0,0,1
1085,30.02,0,0,0,1
1086,30.03,0,0,0,1
1087,30.02,0,0,0,1
1088,30.02,0,0,0,1
1089,30.02,0,0,0,1
1090,30.0,0,0,0,1
1091,29.99,0,0,0,1
1092,29.98,0,0,0,1
1093,29.97,0,0,0,1
1094,29.96,0,0,0,1
1095,29.95,0,0,0,1
1096,29.92,0,0,0,1
1097,29.9,0,0,0,0
1098,29.89,0,0,0,0
1099,29.87,0,0,0,0
1100,29.86,0,0,0,0
1101,29.84,0,0,0,0
1102,29.84,0,0,0,0
1103,29.83,0,0,0,0
1104,29.81,0,0,0,0
1105,29.79,0,0,0,0
1106,29.78,0,0,0,0
1107,29.78,0,0,0,0
1108,29.76,0,0,0,-1
1109,29.75,0,0,0,-1
1110,29.74,0,0,0,-1
1111,29.73,0,0,0,-1
1112,29.72,0,0,0,-1
1113,29.72,0,0,0,-1
1114,29.71,0,0,0,-1
1115,29.71,0,0,0,-1
1116,29.7,0,0,0,-1
1117,29.7,0,0,0,-1
1118,29.69,0,0,0,-1
1119,29.68,0,0,0,-1
1120,29.68,0,0,0,-1
1121,29.69,0,0,0,-1
1122,29.69,0,0,0,-1
1123,29.69,0,0,0,-1
